INSERT INTO [dbo].[SPORT] 
 values 
(
'Soccer',
'1'
)
 GO 

INSERT INTO [dbo].[AspNetUsers] 
 values 
(
'admin',
'5000',
'admin',
'AMUiFUEhgvB6kzu5NUmEuRlE+0vT6iX/FechCHAcqgCT//qCo2WIDDPgBDOZ8MiyQQ==',
'b12dd7f0-b991-4dd2-aac4-109d89b0275f',
'admin',
'admin',
'80505166',
'admin@uow.edu.au',
'~\userprofile\default.png',
'ApplicationUser',
'Australia',
'2500',
'66 Elizabeth Street',
'Wollongong',
'QLD',
'1951/1/1',
'1',
'0',
'0',
'0',
'0',
'0',
'0',
'1',
'1'
)
 GO 

INSERT INTO [dbo].[AspNetUsers] 
 values 
(
'player',
'3000',
'player',
'AMUiFUEhgvB6kzu5NUmEuRlE+0vT6iX/FechCHAcqgCT//qCo2WIDDPgBDOZ8MiyQQ==',
'b12dd7f0-b991-4dd2-aac4-109d89b0275f',
'player',
'player',
'63022139',
'player@gmail.com',
'~\userprofile\default.png',
'ApplicationUser',
'Australia',
'2500',
'85 Elizabeth Street',
'Wollongong',
'VIC',
'1940/10/9',
'0',
'0',
'0',
'1',
'1',
'0',
'0',
'0',
'1'
)
 GO 

INSERT INTO [dbo].[AspNetUsers] 
 values 
(
'referee',
'2000',
'referee',
'AMUiFUEhgvB6kzu5NUmEuRlE+0vT6iX/FechCHAcqgCT//qCo2WIDDPgBDOZ8MiyQQ==',
'b12dd7f0-b991-4dd2-aac4-109d89b0275f',
'referee',
'referee',
'2321062',
'referee@gmail.com',
'~\userprofile\default.png',
'ApplicationUser',
'Australia',
'2500',
'83 Jacolite Street',
'Wollongong',
'NSW',
'1931/3/3',
'0',
'0',
'1',
'0',
'1',
'0',
'0',
'1',
'1'
)
 GO 

INSERT INTO [dbo].[AspNetUsers] 
 values 
(
'algorithm',
'10000',
'algorithm',
'AMUiFUEhgvB6kzu5NUmEuRlE+0vT6iX/FechCHAcqgCT//qCo2WIDDPgBDOZ8MiyQQ==',
'b12dd7f0-b991-4dd2-aac4-109d89b0275f',
'algorithm',
'algorithm',
'37194406',
'referee@hotmail.com',
'~\userprofile\default.png',
'ApplicationUser',
'Australia',
'2500',
'58 Delan Road',
'Wollongong',
'NT',
'1978/5/7',
'0',
'0',
'1',
'0',
'1',
'1',
'1',
'0',
'1'
)
 GO 

INSERT INTO [dbo].[AspNetUsers] 
 values 
(
'organizer',
'1000',
'organizer',
'AMUiFUEhgvB6kzu5NUmEuRlE+0vT6iX/FechCHAcqgCT//qCo2WIDDPgBDOZ8MiyQQ==',
'b12dd7f0-b991-4dd2-aac4-109d89b0275f',
'organizer',
'organizer',
'80172746',
'organizer@live.com',
'~\userprofile\default.png',
'ApplicationUser',
'Australia',
'2500',
'80 Villeneuve Street',
'Wollongong',
'QLD',
'1984/9/1',
'0',
'1',
'0',
'0',
'0',
'0',
'0',
'0',
'1'
)
 GO 

INSERT INTO [dbo].[AspNetUsers] 
 values 
(
'1',
'822974',
'Williams_Prinsep',
'AMUiFUEhgvB6kzu5NUmEuRlE+0vT6iX/FechCHAcqgCT//qCo2WIDDPgBDOZ8MiyQQ==',
'b12dd7f0-b991-4dd2-aac4-109d89b0275f',
'Williams',
'Prinsep',
'89938040',
'Williams_Prinsep@gorilla.com',
'~\userprofile\default.png',
'ApplicationUser',
'Australia',
'1917',
'49 Tooraweenah Road',
'Wollongong',
'TAS',
'1977/4/16',
'0',
'0',
'1',
'1',
'0',
'0',
'0',
'1',
'1'
)
 GO 

INSERT INTO [dbo].[AspNetUsers] 
 values 
(
'2',
'159072',
'Jamal_Scollen',
'AMUiFUEhgvB6kzu5NUmEuRlE+0vT6iX/FechCHAcqgCT//qCo2WIDDPgBDOZ8MiyQQ==',
'b12dd7f0-b991-4dd2-aac4-109d89b0275f',
'Jamal',
'Scollen',
'59867931',
'Jamal_Scollen@aol.com',
'~\userprofile\default.png',
'ApplicationUser',
'Australia',
'5533',
'51 Bayfield Street',
'Wollongong',
'TAS',
'1936/7/3',
'0',
'0',
'1',
'1',
'0',
'0',
'1',
'0',
'1'
)
 GO 

INSERT INTO [dbo].[AspNetUsers] 
 values 
(
'3',
'560282',
'Ervin_Farmer',
'AMUiFUEhgvB6kzu5NUmEuRlE+0vT6iX/FechCHAcqgCT//qCo2WIDDPgBDOZ8MiyQQ==',
'b12dd7f0-b991-4dd2-aac4-109d89b0275f',
'Ervin',
'Farmer',
'94216437',
'Ervin_Farmer@aol.com',
'~\userprofile\default.png',
'ApplicationUser',
'Australia',
'6484',
'83 Nandewar Street',
'Wollongong',
'NSW',
'1960/9/4',
'0',
'0',
'1',
'1',
'0',
'0',
'1',
'0',
'1'
)
 GO 

INSERT INTO [dbo].[AspNetUsers] 
 values 
(
'4',
'397557',
'Moises_Prinsep',
'AMUiFUEhgvB6kzu5NUmEuRlE+0vT6iX/FechCHAcqgCT//qCo2WIDDPgBDOZ8MiyQQ==',
'b12dd7f0-b991-4dd2-aac4-109d89b0275f',
'Moises',
'Prinsep',
'30068842',
'Moises_Prinsep@live.com',
'~\userprofile\default.png',
'ApplicationUser',
'Australia',
'1257',
'54 Oriana Street',
'Wollongong',
'ACT',
'1954/12/20',
'0',
'0',
'0',
'1',
'1',
'1',
'0',
'0',
'1'
)
 GO 

INSERT INTO [dbo].[AspNetUsers] 
 values 
(
'5',
'1045712',
'Kamala_Middleton',
'AMUiFUEhgvB6kzu5NUmEuRlE+0vT6iX/FechCHAcqgCT//qCo2WIDDPgBDOZ8MiyQQ==',
'b12dd7f0-b991-4dd2-aac4-109d89b0275f',
'Kamala',
'Middleton',
'46553636',
'Kamala_Middleton@hotmail.com',
'~\userprofile\default.png',
'ApplicationUser',
'Australia',
'9728',
'12 Villeneuve Street',
'Wollongong',
'ACT',
'1984/6/14',
'0',
'0',
'0',
'0',
'0',
'1',
'1',
'1',
'1'
)
 GO 

INSERT INTO [dbo].[AspNetUsers] 
 values 
(
'6',
'161456',
'Takako_Torode',
'AMUiFUEhgvB6kzu5NUmEuRlE+0vT6iX/FechCHAcqgCT//qCo2WIDDPgBDOZ8MiyQQ==',
'b12dd7f0-b991-4dd2-aac4-109d89b0275f',
'Takako',
'Torode',
'92896613',
'Takako_Torode@gmail.com',
'~\userprofile\default.png',
'ApplicationUser',
'Australia',
'2776',
'60 Corny Court',
'Wollongong',
'SA',
'1942/6/29',
'0',
'0',
'0',
'1',
'1',
'0',
'0',
'1',
'1'
)
 GO 

INSERT INTO [dbo].[AspNetUsers] 
 values 
(
'7',
'660630',
'Cyrus_Franklin',
'AMUiFUEhgvB6kzu5NUmEuRlE+0vT6iX/FechCHAcqgCT//qCo2WIDDPgBDOZ8MiyQQ==',
'b12dd7f0-b991-4dd2-aac4-109d89b0275f',
'Cyrus',
'Franklin',
'12433073',
'Cyrus_Franklin@live.com',
'~\userprofile\default.png',
'ApplicationUser',
'Australia',
'5852',
'41 Bayview Road',
'Wollongong',
'QLD',
'1977/3/16',
'0',
'0',
'0',
'1',
'0',
'0',
'1',
'1',
'1'
)
 GO 

INSERT INTO [dbo].[AspNetUsers] 
 values 
(
'8',
'484002',
'Donita_Woodfull',
'AMUiFUEhgvB6kzu5NUmEuRlE+0vT6iX/FechCHAcqgCT//qCo2WIDDPgBDOZ8MiyQQ==',
'b12dd7f0-b991-4dd2-aac4-109d89b0275f',
'Donita',
'Woodfull',
'91165698',
'Donita_Woodfull@gmail.com',
'~\userprofile\default.png',
'ApplicationUser',
'Australia',
'10799',
'32 Walter Crescent',
'Wollongong',
'SA',
'1985/1/28',
'0',
'0',
'0',
'0',
'1',
'1',
'1',
'0',
'1'
)
 GO 

INSERT INTO [dbo].[AspNetUsers] 
 values 
(
'9',
'1096248',
'Ervin_Angles',
'AMUiFUEhgvB6kzu5NUmEuRlE+0vT6iX/FechCHAcqgCT//qCo2WIDDPgBDOZ8MiyQQ==',
'b12dd7f0-b991-4dd2-aac4-109d89b0275f',
'Ervin',
'Angles',
'94464589',
'Ervin_Angles@live.com',
'~\userprofile\default.png',
'ApplicationUser',
'Australia',
'7576',
'44 Elizabeth Street',
'Wollongong',
'SA',
'1975/4/22',
'0',
'0',
'0',
'0',
'1',
'0',
'0',
'1',
'1'
)
 GO 

INSERT INTO [dbo].[AspNetUsers] 
 values 
(
'10',
'991317',
'Lezlie_Best',
'AMUiFUEhgvB6kzu5NUmEuRlE+0vT6iX/FechCHAcqgCT//qCo2WIDDPgBDOZ8MiyQQ==',
'b12dd7f0-b991-4dd2-aac4-109d89b0275f',
'Lezlie',
'Best',
'80243472',
'Lezlie_Best@uow.edu.au',
'~\userprofile\default.png',
'ApplicationUser',
'Australia',
'2592',
'47 Garden Place',
'Wollongong',
'SA',
'1962/5/6',
'0',
'0',
'0',
'0',
'1',
'0',
'0',
'0',
'1'
)
 GO 

INSERT INTO [dbo].[AspNetUsers] 
 values 
(
'11',
'520298',
'Ervin_Hentze',
'AMUiFUEhgvB6kzu5NUmEuRlE+0vT6iX/FechCHAcqgCT//qCo2WIDDPgBDOZ8MiyQQ==',
'b12dd7f0-b991-4dd2-aac4-109d89b0275f',
'Ervin',
'Hentze',
'24333831',
'Ervin_Hentze@gorilla.com',
'~\userprofile\default.png',
'ApplicationUser',
'Australia',
'1262',
'34 Oriana Street',
'Wollongong',
'QLD',
'1987/8/7',
'0',
'0',
'0',
'1',
'0',
'0',
'1',
'0',
'1'
)
 GO 

INSERT INTO [dbo].[AspNetUsers] 
 values 
(
'12',
'745056',
'Christopher_Swanston',
'AMUiFUEhgvB6kzu5NUmEuRlE+0vT6iX/FechCHAcqgCT//qCo2WIDDPgBDOZ8MiyQQ==',
'b12dd7f0-b991-4dd2-aac4-109d89b0275f',
'Christopher',
'Swanston',
'34747259',
'Christopher_Swanston@aol.com',
'~\userprofile\default.png',
'ApplicationUser',
'Australia',
'1417',
'35 Villeneuve Street',
'Wollongong',
'VIC',
'1975/5/16',
'0',
'0',
'0',
'0',
'1',
'1',
'1',
'0',
'1'
)
 GO 

INSERT INTO [dbo].[AspNetUsers] 
 values 
(
'13',
'960154',
'Leland_Findley',
'AMUiFUEhgvB6kzu5NUmEuRlE+0vT6iX/FechCHAcqgCT//qCo2WIDDPgBDOZ8MiyQQ==',
'b12dd7f0-b991-4dd2-aac4-109d89b0275f',
'Leland',
'Findley',
'1801012',
'Leland_Findley@live.com',
'~\userprofile\default.png',
'ApplicationUser',
'Australia',
'7114',
'32 Villeneuve Street',
'Wollongong',
'TAS',
'1950/2/13',
'0',
'0',
'0',
'1',
'0',
'1',
'1',
'0',
'1'
)
 GO 

INSERT INTO [dbo].[AspNetUsers] 
 values 
(
'14',
'712975',
'Sherita_Kisch',
'AMUiFUEhgvB6kzu5NUmEuRlE+0vT6iX/FechCHAcqgCT//qCo2WIDDPgBDOZ8MiyQQ==',
'b12dd7f0-b991-4dd2-aac4-109d89b0275f',
'Sherita',
'Kisch',
'11876625',
'Sherita_Kisch@gmail.com',
'~\userprofile\default.png',
'ApplicationUser',
'Australia',
'6066',
'67 Nandewar Street',
'Wollongong',
'NT',
'1994/10/3',
'0',
'0',
'1',
'1',
'0',
'0',
'1',
'1',
'1'
)
 GO 

INSERT INTO [dbo].[AspNetUsers] 
 values 
(
'15',
'622411',
'Socorro_Carandini',
'AMUiFUEhgvB6kzu5NUmEuRlE+0vT6iX/FechCHAcqgCT//qCo2WIDDPgBDOZ8MiyQQ==',
'b12dd7f0-b991-4dd2-aac4-109d89b0275f',
'Socorro',
'Carandini',
'91507976',
'Socorro_Carandini@gorilla.com',
'~\userprofile\default.png',
'ApplicationUser',
'Australia',
'8341',
'24 Grey Street',
'Wollongong',
'TAS',
'1981/2/12',
'0',
'0',
'0',
'0',
'0',
'1',
'1',
'0',
'1'
)
 GO 

INSERT INTO [dbo].[AspNetUsers] 
 values 
(
'16',
'857832',
'Takako_Kavanagh',
'AMUiFUEhgvB6kzu5NUmEuRlE+0vT6iX/FechCHAcqgCT//qCo2WIDDPgBDOZ8MiyQQ==',
'b12dd7f0-b991-4dd2-aac4-109d89b0275f',
'Takako',
'Kavanagh',
'92440689',
'Takako_Kavanagh@uow.edu.au',
'~\userprofile\default.png',
'ApplicationUser',
'Australia',
'10522',
'54 Isaac Road',
'Wollongong',
'NT',
'1942/2/8',
'0',
'0',
'0',
'1',
'1',
'1',
'1',
'0',
'1'
)
 GO 

INSERT INTO [dbo].[AspNetUsers] 
 values 
(
'17',
'512908',
'Alene_Kisch',
'AMUiFUEhgvB6kzu5NUmEuRlE+0vT6iX/FechCHAcqgCT//qCo2WIDDPgBDOZ8MiyQQ==',
'b12dd7f0-b991-4dd2-aac4-109d89b0275f',
'Alene',
'Kisch',
'96400503',
'Alene_Kisch@aol.com',
'~\userprofile\default.png',
'ApplicationUser',
'Australia',
'8376',
'45 Bayview Road',
'Wollongong',
'TAS',
'1985/9/29',
'0',
'0',
'0',
'0',
'1',
'1',
'1',
'0',
'1'
)
 GO 

INSERT INTO [dbo].[AspNetUsers] 
 values 
(
'18',
'137526',
'Odelia_Shaw',
'AMUiFUEhgvB6kzu5NUmEuRlE+0vT6iX/FechCHAcqgCT//qCo2WIDDPgBDOZ8MiyQQ==',
'b12dd7f0-b991-4dd2-aac4-109d89b0275f',
'Odelia',
'Shaw',
'58732299',
'Odelia_Shaw@gmail.com',
'~\userprofile\default.png',
'ApplicationUser',
'Australia',
'5342',
'25 Corny Court',
'Wollongong',
'NT',
'1946/3/26',
'0',
'0',
'0',
'1',
'0',
'1',
'1',
'1',
'1'
)
 GO 

INSERT INTO [dbo].[AspNetUsers] 
 values 
(
'19',
'112031',
'Alona_Tenison-Woods',
'AMUiFUEhgvB6kzu5NUmEuRlE+0vT6iX/FechCHAcqgCT//qCo2WIDDPgBDOZ8MiyQQ==',
'b12dd7f0-b991-4dd2-aac4-109d89b0275f',
'Alona',
'Tenison-Woods',
'68358958',
'Alona_Tenison-Woods@gmail.com',
'~\userprofile\default.png',
'ApplicationUser',
'Australia',
'7025',
'13 Parkes Road',
'Wollongong',
'NT',
'1993/9/8',
'0',
'0',
'0',
'0',
'0',
'0',
'1',
'1',
'1'
)
 GO 

INSERT INTO [dbo].[AspNetUsers] 
 values 
(
'20',
'226186',
'Jamal_Crommelin',
'AMUiFUEhgvB6kzu5NUmEuRlE+0vT6iX/FechCHAcqgCT//qCo2WIDDPgBDOZ8MiyQQ==',
'b12dd7f0-b991-4dd2-aac4-109d89b0275f',
'Jamal',
'Crommelin',
'60605379',
'Jamal_Crommelin@aol.com',
'~\userprofile\default.png',
'ApplicationUser',
'Australia',
'7844',
'67 Delan Road',
'Wollongong',
'NT',
'1972/7/6',
'0',
'0',
'0',
'0',
'1',
'1',
'0',
'0',
'1'
)
 GO 

INSERT INTO [dbo].[AspNetUsers] 
 values 
(
'21',
'1005359',
'Lezlie_Scollen',
'AMUiFUEhgvB6kzu5NUmEuRlE+0vT6iX/FechCHAcqgCT//qCo2WIDDPgBDOZ8MiyQQ==',
'b12dd7f0-b991-4dd2-aac4-109d89b0275f',
'Lezlie',
'Scollen',
'72597523',
'Lezlie_Scollen@uow.edu.au',
'~\userprofile\default.png',
'ApplicationUser',
'Australia',
'11030',
'28 Taylor Street',
'Wollongong',
'SA',
'1993/12/7',
'0',
'0',
'0',
'0',
'0',
'1',
'1',
'0',
'1'
)
 GO 

INSERT INTO [dbo].[AspNetUsers] 
 values 
(
'22',
'366135',
'Donita_Kavanagh',
'AMUiFUEhgvB6kzu5NUmEuRlE+0vT6iX/FechCHAcqgCT//qCo2WIDDPgBDOZ8MiyQQ==',
'b12dd7f0-b991-4dd2-aac4-109d89b0275f',
'Donita',
'Kavanagh',
'99298165',
'Donita_Kavanagh@aol.com',
'~\userprofile\default.png',
'ApplicationUser',
'Australia',
'9720',
'7 Webb Road',
'Wollongong',
'ACT',
'1963/7/25',
'0',
'0',
'0',
'1',
'0',
'0',
'0',
'1',
'1'
)
 GO 

INSERT INTO [dbo].[AspNetUsers] 
 values 
(
'23',
'192458',
'Sharilyn_Crommelin',
'AMUiFUEhgvB6kzu5NUmEuRlE+0vT6iX/FechCHAcqgCT//qCo2WIDDPgBDOZ8MiyQQ==',
'b12dd7f0-b991-4dd2-aac4-109d89b0275f',
'Sharilyn',
'Crommelin',
'88861505',
'Sharilyn_Crommelin@aol.com',
'~\userprofile\default.png',
'ApplicationUser',
'Australia',
'7018',
'52 McPherson Road',
'Wollongong',
'NSW',
'1942/11/15',
'0',
'0',
'1',
'0',
'0',
'0',
'0',
'0',
'1'
)
 GO 

INSERT INTO [dbo].[AspNetUsers] 
 values 
(
'24',
'310071',
'Lottie_Fortune',
'AMUiFUEhgvB6kzu5NUmEuRlE+0vT6iX/FechCHAcqgCT//qCo2WIDDPgBDOZ8MiyQQ==',
'b12dd7f0-b991-4dd2-aac4-109d89b0275f',
'Lottie',
'Fortune',
'46501311',
'Lottie_Fortune@uow.edu.au',
'~\userprofile\default.png',
'ApplicationUser',
'Australia',
'3533',
'40 Carba Road',
'Wollongong',
'QLD',
'1954/4/30',
'0',
'0',
'0',
'0',
'1',
'1',
'1',
'0',
'1'
)
 GO 

INSERT INTO [dbo].[AspNetUsers] 
 values 
(
'25',
'771913',
'Arnette_Andrade',
'AMUiFUEhgvB6kzu5NUmEuRlE+0vT6iX/FechCHAcqgCT//qCo2WIDDPgBDOZ8MiyQQ==',
'b12dd7f0-b991-4dd2-aac4-109d89b0275f',
'Arnette',
'Andrade',
'48225454',
'Arnette_Andrade@hotmail.com',
'~\userprofile\default.png',
'ApplicationUser',
'Australia',
'4050',
'26 Fitzroy Street',
'Wollongong',
'TAS',
'1939/3/23',
'0',
'0',
'1',
'0',
'1',
'1',
'0',
'0',
'1'
)
 GO 

INSERT INTO [dbo].[AspNetUsers] 
 values 
(
'26',
'795403',
'Zachary_Scollen',
'AMUiFUEhgvB6kzu5NUmEuRlE+0vT6iX/FechCHAcqgCT//qCo2WIDDPgBDOZ8MiyQQ==',
'b12dd7f0-b991-4dd2-aac4-109d89b0275f',
'Zachary',
'Scollen',
'47385943',
'Zachary_Scollen@gmail.com',
'~\userprofile\default.png',
'ApplicationUser',
'Australia',
'1222',
'5 Corny Court',
'Wollongong',
'QLD',
'1949/5/2',
'0',
'0',
'0',
'1',
'1',
'0',
'1',
'0',
'1'
)
 GO 

INSERT INTO [dbo].[AspNetUsers] 
 values 
(
'27',
'145765',
'Merlin_Kavanagh',
'AMUiFUEhgvB6kzu5NUmEuRlE+0vT6iX/FechCHAcqgCT//qCo2WIDDPgBDOZ8MiyQQ==',
'b12dd7f0-b991-4dd2-aac4-109d89b0275f',
'Merlin',
'Kavanagh',
'12681003',
'Merlin_Kavanagh@hotmail.com',
'~\userprofile\default.png',
'ApplicationUser',
'Australia',
'2322',
'12 Grey Street',
'Wollongong',
'NT',
'1982/2/5',
'0',
'0',
'0',
'0',
'0',
'1',
'0',
'1',
'1'
)
 GO 

INSERT INTO [dbo].[AspNetUsers] 
 values 
(
'28',
'1094768',
'Shawnda_Shaw',
'AMUiFUEhgvB6kzu5NUmEuRlE+0vT6iX/FechCHAcqgCT//qCo2WIDDPgBDOZ8MiyQQ==',
'b12dd7f0-b991-4dd2-aac4-109d89b0275f',
'Shawnda',
'Shaw',
'29117655',
'Shawnda_Shaw@gorilla.com',
'~\userprofile\default.png',
'ApplicationUser',
'Australia',
'7893',
'18 Boobialla Street',
'Wollongong',
'TAS',
'1934/11/3',
'0',
'0',
'0',
'0',
'0',
'0',
'1',
'1',
'1'
)
 GO 

INSERT INTO [dbo].[AspNetUsers] 
 values 
(
'29',
'903234',
'Ervin_Kavanagh',
'AMUiFUEhgvB6kzu5NUmEuRlE+0vT6iX/FechCHAcqgCT//qCo2WIDDPgBDOZ8MiyQQ==',
'b12dd7f0-b991-4dd2-aac4-109d89b0275f',
'Ervin',
'Kavanagh',
'55139858',
'Ervin_Kavanagh@hotmail.com',
'~\userprofile\default.png',
'ApplicationUser',
'Australia',
'5593',
'19 Halsey Road',
'Wollongong',
'NSW',
'1965/11/13',
'0',
'0',
'0',
'1',
'0',
'1',
'0',
'0',
'1'
)
 GO 

INSERT INTO [dbo].[AspNetUsers] 
 values 
(
'30',
'1034685',
'Sherita_Kilvington',
'AMUiFUEhgvB6kzu5NUmEuRlE+0vT6iX/FechCHAcqgCT//qCo2WIDDPgBDOZ8MiyQQ==',
'b12dd7f0-b991-4dd2-aac4-109d89b0275f',
'Sherita',
'Kilvington',
'81714618',
'Sherita_Kilvington@gorilla.com',
'~\userprofile\default.png',
'ApplicationUser',
'Australia',
'4049',
'82 ills Street',
'Wollongong',
'SA',
'1941/4/9',
'0',
'0',
'0',
'0',
'0',
'0',
'1',
'0',
'1'
)
 GO 

INSERT INTO [dbo].[AspNetUsers] 
 values 
(
'31',
'620464',
'Sanjuanita_Catt',
'AMUiFUEhgvB6kzu5NUmEuRlE+0vT6iX/FechCHAcqgCT//qCo2WIDDPgBDOZ8MiyQQ==',
'b12dd7f0-b991-4dd2-aac4-109d89b0275f',
'Sanjuanita',
'Catt',
'50018432',
'Sanjuanita_Catt@live.com',
'~\userprofile\default.png',
'ApplicationUser',
'Australia',
'3774',
'79 Lane Street',
'Wollongong',
'TAS',
'1993/6/19',
'0',
'0',
'0',
'0',
'1',
'1',
'0',
'0',
'1'
)
 GO 

INSERT INTO [dbo].[AspNetUsers] 
 values 
(
'32',
'430137',
'Leland_Murray',
'AMUiFUEhgvB6kzu5NUmEuRlE+0vT6iX/FechCHAcqgCT//qCo2WIDDPgBDOZ8MiyQQ==',
'b12dd7f0-b991-4dd2-aac4-109d89b0275f',
'Leland',
'Murray',
'93261408',
'Leland_Murray@uow.edu.au',
'~\userprofile\default.png',
'ApplicationUser',
'Australia',
'1292',
'47 Fitzroy Street',
'Wollongong',
'NSW',
'1984/1/13',
'0',
'0',
'0',
'0',
'0',
'1',
'1',
'0',
'1'
)
 GO 

INSERT INTO [dbo].[AspNetUsers] 
 values 
(
'33',
'950701',
'Corrina_Hentze',
'AMUiFUEhgvB6kzu5NUmEuRlE+0vT6iX/FechCHAcqgCT//qCo2WIDDPgBDOZ8MiyQQ==',
'b12dd7f0-b991-4dd2-aac4-109d89b0275f',
'Corrina',
'Hentze',
'74201425',
'Corrina_Hentze@aol.com',
'~\userprofile\default.png',
'ApplicationUser',
'Australia',
'2228',
'46 McLeans Road',
'Wollongong',
'NT',
'1944/6/20',
'0',
'0',
'0',
'1',
'1',
'1',
'0',
'1',
'1'
)
 GO 

INSERT INTO [dbo].[AspNetUsers] 
 values 
(
'34',
'400883',
'Ervin_Findley',
'AMUiFUEhgvB6kzu5NUmEuRlE+0vT6iX/FechCHAcqgCT//qCo2WIDDPgBDOZ8MiyQQ==',
'b12dd7f0-b991-4dd2-aac4-109d89b0275f',
'Ervin',
'Findley',
'36370912',
'Ervin_Findley@gorilla.com',
'~\userprofile\default.png',
'ApplicationUser',
'Australia',
'1727',
'95 Woerdens Road',
'Wollongong',
'NSW',
'1957/2/29',
'0',
'0',
'1',
'1',
'0',
'0',
'0',
'1',
'1'
)
 GO 

INSERT INTO [dbo].[AspNetUsers] 
 values 
(
'35',
'1005795',
'Clemencia_Murray',
'AMUiFUEhgvB6kzu5NUmEuRlE+0vT6iX/FechCHAcqgCT//qCo2WIDDPgBDOZ8MiyQQ==',
'b12dd7f0-b991-4dd2-aac4-109d89b0275f',
'Clemencia',
'Murray',
'72009097',
'Clemencia_Murray@uow.edu.au',
'~\userprofile\default.png',
'ApplicationUser',
'Australia',
'4946',
'26 Ageston Road',
'Wollongong',
'QLD',
'1968/1/24',
'0',
'0',
'0',
'1',
'0',
'1',
'0',
'1',
'1'
)
 GO 

INSERT INTO [dbo].[AspNetUsers] 
 values 
(
'36',
'1035984',
'Anika_Woodfull',
'AMUiFUEhgvB6kzu5NUmEuRlE+0vT6iX/FechCHAcqgCT//qCo2WIDDPgBDOZ8MiyQQ==',
'b12dd7f0-b991-4dd2-aac4-109d89b0275f',
'Anika',
'Woodfull',
'31847460',
'Anika_Woodfull@live.com',
'~\userprofile\default.png',
'ApplicationUser',
'Australia',
'10011',
'51 Fitzroy Street',
'Wollongong',
'QLD',
'1959/9/28',
'0',
'0',
'0',
'1',
'1',
'1',
'1',
'0',
'1'
)
 GO 

INSERT INTO [dbo].[AspNetUsers] 
 values 
(
'37',
'1022750',
'Lottie_McCombie',
'AMUiFUEhgvB6kzu5NUmEuRlE+0vT6iX/FechCHAcqgCT//qCo2WIDDPgBDOZ8MiyQQ==',
'b12dd7f0-b991-4dd2-aac4-109d89b0275f',
'Lottie',
'McCombie',
'53933621',
'Lottie_McCombie@live.com',
'~\userprofile\default.png',
'ApplicationUser',
'Australia',
'9473',
'42 Avondale Drive',
'Wollongong',
'VIC',
'1960/9/22',
'0',
'0',
'0',
'0',
'0',
'1',
'0',
'1',
'1'
)
 GO 

INSERT INTO [dbo].[AspNetUsers] 
 values 
(
'38',
'186183',
'Lorine_Marshall',
'AMUiFUEhgvB6kzu5NUmEuRlE+0vT6iX/FechCHAcqgCT//qCo2WIDDPgBDOZ8MiyQQ==',
'b12dd7f0-b991-4dd2-aac4-109d89b0275f',
'Lorine',
'Marshall',
'55538579',
'Lorine_Marshall@hotmail.com',
'~\userprofile\default.png',
'ApplicationUser',
'Australia',
'6087',
'53 Ageston Road',
'Wollongong',
'QLD',
'1983/6/13',
'0',
'0',
'0',
'0',
'1',
'0',
'1',
'0',
'1'
)
 GO 

INSERT INTO [dbo].[AspNetUsers] 
 values 
(
'39',
'752110',
'Williams_Hentze',
'AMUiFUEhgvB6kzu5NUmEuRlE+0vT6iX/FechCHAcqgCT//qCo2WIDDPgBDOZ8MiyQQ==',
'b12dd7f0-b991-4dd2-aac4-109d89b0275f',
'Williams',
'Hentze',
'99010893',
'Williams_Hentze@gorilla.com',
'~\userprofile\default.png',
'ApplicationUser',
'Australia',
'3617',
'70 Carba Road',
'Wollongong',
'NSW',
'1951/11/30',
'0',
'0',
'1',
'0',
'0',
'0',
'0',
'1',
'1'
)
 GO 

INSERT INTO [dbo].[AspNetUsers] 
 values 
(
'40',
'884652',
'Zachary_Hicks',
'AMUiFUEhgvB6kzu5NUmEuRlE+0vT6iX/FechCHAcqgCT//qCo2WIDDPgBDOZ8MiyQQ==',
'b12dd7f0-b991-4dd2-aac4-109d89b0275f',
'Zachary',
'Hicks',
'17144528',
'Zachary_Hicks@uow.edu.au',
'~\userprofile\default.png',
'ApplicationUser',
'Australia',
'9248',
'71 rgyle Street',
'Wollongong',
'NSW',
'1932/11/9',
'0',
'0',
'0',
'1',
'0',
'0',
'1',
'0',
'1'
)
 GO 

INSERT INTO [dbo].[AspNetUsers] 
 values 
(
'41',
'745015',
'Emanuel_Swanston',
'AMUiFUEhgvB6kzu5NUmEuRlE+0vT6iX/FechCHAcqgCT//qCo2WIDDPgBDOZ8MiyQQ==',
'b12dd7f0-b991-4dd2-aac4-109d89b0275f',
'Emanuel',
'Swanston',
'63517264',
'Emanuel_Swanston@hotmail.com',
'~\userprofile\default.png',
'ApplicationUser',
'Australia',
'9523',
'13 Parkes Road',
'Wollongong',
'NSW',
'1957/9/5',
'0',
'0',
'0',
'0',
'0',
'1',
'1',
'1',
'1'
)
 GO 

INSERT INTO [dbo].[AspNetUsers] 
 values 
(
'42',
'217045',
'Socorro_Scollen',
'AMUiFUEhgvB6kzu5NUmEuRlE+0vT6iX/FechCHAcqgCT//qCo2WIDDPgBDOZ8MiyQQ==',
'b12dd7f0-b991-4dd2-aac4-109d89b0275f',
'Socorro',
'Scollen',
'88704951',
'Socorro_Scollen@live.com',
'~\userprofile\default.png',
'ApplicationUser',
'Australia',
'6042',
'9 McPherson Road',
'Wollongong',
'NT',
'1993/4/20',
'0',
'0',
'0',
'0',
'0',
'1',
'1',
'1',
'1'
)
 GO 

INSERT INTO [dbo].[AspNetUsers] 
 values 
(
'43',
'154316',
'Takako_Berry',
'AMUiFUEhgvB6kzu5NUmEuRlE+0vT6iX/FechCHAcqgCT//qCo2WIDDPgBDOZ8MiyQQ==',
'b12dd7f0-b991-4dd2-aac4-109d89b0275f',
'Takako',
'Berry',
'16722227',
'Takako_Berry@uow.edu.au',
'~\userprofile\default.png',
'ApplicationUser',
'Australia',
'7179',
'89 Corny Court',
'Wollongong',
'NSW',
'1959/6/11',
'0',
'0',
'0',
'0',
'0',
'0',
'1',
'0',
'1'
)
 GO 

INSERT INTO [dbo].[AspNetUsers] 
 values 
(
'44',
'206089',
'Moises_Fortune',
'AMUiFUEhgvB6kzu5NUmEuRlE+0vT6iX/FechCHAcqgCT//qCo2WIDDPgBDOZ8MiyQQ==',
'b12dd7f0-b991-4dd2-aac4-109d89b0275f',
'Moises',
'Fortune',
'37765542',
'Moises_Fortune@hotmail.com',
'~\userprofile\default.png',
'ApplicationUser',
'Australia',
'11078',
'79 rgyle Street',
'Wollongong',
'ACT',
'1962/9/17',
'0',
'0',
'0',
'0',
'1',
'1',
'0',
'1',
'1'
)
 GO 

INSERT INTO [dbo].[AspNetUsers] 
 values 
(
'45',
'490186',
'Arnette_Shaw',
'AMUiFUEhgvB6kzu5NUmEuRlE+0vT6iX/FechCHAcqgCT//qCo2WIDDPgBDOZ8MiyQQ==',
'b12dd7f0-b991-4dd2-aac4-109d89b0275f',
'Arnette',
'Shaw',
'16434994',
'Arnette_Shaw@gmail.com',
'~\userprofile\default.png',
'ApplicationUser',
'Australia',
'7308',
'99 Isaac Road',
'Wollongong',
'QLD',
'1957/5/14',
'0',
'0',
'0',
'0',
'1',
'0',
'0',
'0',
'1'
)
 GO 

INSERT INTO [dbo].[AspNetUsers] 
 values 
(
'46',
'805444',
'See_Beach',
'AMUiFUEhgvB6kzu5NUmEuRlE+0vT6iX/FechCHAcqgCT//qCo2WIDDPgBDOZ8MiyQQ==',
'b12dd7f0-b991-4dd2-aac4-109d89b0275f',
'See',
'Beach',
'97132656',
'See_Beach@gmail.com',
'~\userprofile\default.png',
'ApplicationUser',
'Australia',
'6438',
'21 Halsey Road',
'Wollongong',
'TAS',
'1937/3/30',
'0',
'0',
'0',
'1',
'1',
'0',
'1',
'0',
'1'
)
 GO 

INSERT INTO [dbo].[AspNetUsers] 
 values 
(
'47',
'475709',
'Tamala_Findley',
'AMUiFUEhgvB6kzu5NUmEuRlE+0vT6iX/FechCHAcqgCT//qCo2WIDDPgBDOZ8MiyQQ==',
'b12dd7f0-b991-4dd2-aac4-109d89b0275f',
'Tamala',
'Findley',
'78693891',
'Tamala_Findley@gmail.com',
'~\userprofile\default.png',
'ApplicationUser',
'Australia',
'10723',
'70 Lane Street',
'Wollongong',
'NT',
'1992/12/3',
'0',
'0',
'0',
'0',
'0',
'0',
'1',
'0',
'1'
)
 GO 

INSERT INTO [dbo].[AspNetUsers] 
 values 
(
'48',
'364886',
'Sharilyn_Gadsdon',
'AMUiFUEhgvB6kzu5NUmEuRlE+0vT6iX/FechCHAcqgCT//qCo2WIDDPgBDOZ8MiyQQ==',
'b12dd7f0-b991-4dd2-aac4-109d89b0275f',
'Sharilyn',
'Gadsdon',
'93366157',
'Sharilyn_Gadsdon@aol.com',
'~\userprofile\default.png',
'ApplicationUser',
'Australia',
'8590',
'91 Lane Street',
'Wollongong',
'NT',
'1952/11/3',
'0',
'0',
'0',
'1',
'1',
'0',
'1',
'1',
'1'
)
 GO 

INSERT INTO [dbo].[AspNetUsers] 
 values 
(
'49',
'288201',
'Anika_Prinsep',
'AMUiFUEhgvB6kzu5NUmEuRlE+0vT6iX/FechCHAcqgCT//qCo2WIDDPgBDOZ8MiyQQ==',
'b12dd7f0-b991-4dd2-aac4-109d89b0275f',
'Anika',
'Prinsep',
'14493006',
'Anika_Prinsep@gorilla.com',
'~\userprofile\default.png',
'ApplicationUser',
'Australia',
'3879',
'84 Seaview Court',
'Wollongong',
'TAS',
'1936/8/25',
'0',
'0',
'0',
'0',
'0',
'1',
'1',
'0',
'1'
)
 GO 

INSERT INTO [dbo].[AspNetUsers] 
 values 
(
'50',
'684819',
'Marybelle_Goudie',
'AMUiFUEhgvB6kzu5NUmEuRlE+0vT6iX/FechCHAcqgCT//qCo2WIDDPgBDOZ8MiyQQ==',
'b12dd7f0-b991-4dd2-aac4-109d89b0275f',
'Marybelle',
'Goudie',
'98261642',
'Marybelle_Goudie@gorilla.com',
'~\userprofile\default.png',
'ApplicationUser',
'Australia',
'1683',
'55 Rupara Street',
'Wollongong',
'QLD',
'1977/10/24',
'0',
'0',
'0',
'1',
'1',
'1',
'1',
'0',
'1'
)
 GO 

INSERT INTO [dbo].[AspNetUsers] 
 values 
(
'51',
'307279',
'Corrina_Goudie',
'AMUiFUEhgvB6kzu5NUmEuRlE+0vT6iX/FechCHAcqgCT//qCo2WIDDPgBDOZ8MiyQQ==',
'b12dd7f0-b991-4dd2-aac4-109d89b0275f',
'Corrina',
'Goudie',
'18854208',
'Corrina_Goudie@gorilla.com',
'~\userprofile\default.png',
'ApplicationUser',
'Australia',
'1811',
'14 Webb Road',
'Wollongong',
'VIC',
'1939/5/5',
'0',
'0',
'0',
'1',
'1',
'1',
'1',
'0',
'1'
)
 GO 

INSERT INTO [dbo].[AspNetUsers] 
 values 
(
'52',
'135135',
'Cyrus_Tims',
'AMUiFUEhgvB6kzu5NUmEuRlE+0vT6iX/FechCHAcqgCT//qCo2WIDDPgBDOZ8MiyQQ==',
'b12dd7f0-b991-4dd2-aac4-109d89b0275f',
'Cyrus',
'Tims',
'29370978',
'Cyrus_Tims@hotmail.com',
'~\userprofile\default.png',
'ApplicationUser',
'Australia',
'7483',
'82 Noalimba Avenue',
'Wollongong',
'VIC',
'1952/4/24',
'0',
'0',
'1',
'0',
'1',
'0',
'1',
'1',
'1'
)
 GO 

INSERT INTO [dbo].[AspNetUsers] 
 values 
(
'53',
'157941',
'Jamal_Edwards',
'AMUiFUEhgvB6kzu5NUmEuRlE+0vT6iX/FechCHAcqgCT//qCo2WIDDPgBDOZ8MiyQQ==',
'b12dd7f0-b991-4dd2-aac4-109d89b0275f',
'Jamal',
'Edwards',
'36296592',
'Jamal_Edwards@hotmail.com',
'~\userprofile\default.png',
'ApplicationUser',
'Australia',
'10466',
'66 Stanley Drive',
'Wollongong',
'VIC',
'1964/5/29',
'0',
'0',
'0',
'0',
'0',
'1',
'0',
'0',
'1'
)
 GO 

INSERT INTO [dbo].[AspNetUsers] 
 values 
(
'54',
'174843',
'Sherron_Sutton',
'AMUiFUEhgvB6kzu5NUmEuRlE+0vT6iX/FechCHAcqgCT//qCo2WIDDPgBDOZ8MiyQQ==',
'b12dd7f0-b991-4dd2-aac4-109d89b0275f',
'Sherron',
'Sutton',
'84132219',
'Sherron_Sutton@gmail.com',
'~\userprofile\default.png',
'ApplicationUser',
'Australia',
'8853',
'16 Elizabeth Street',
'Wollongong',
'ACT',
'1950/8/2',
'0',
'0',
'0',
'1',
'0',
'1',
'1',
'0',
'1'
)
 GO 

INSERT INTO [dbo].[AspNetUsers] 
 values 
(
'55',
'199761',
'Lottie_Beale',
'AMUiFUEhgvB6kzu5NUmEuRlE+0vT6iX/FechCHAcqgCT//qCo2WIDDPgBDOZ8MiyQQ==',
'b12dd7f0-b991-4dd2-aac4-109d89b0275f',
'Lottie',
'Beale',
'58932274',
'Lottie_Beale@gorilla.com',
'~\userprofile\default.png',
'ApplicationUser',
'Australia',
'7000',
'64 Nandewar Street',
'Wollongong',
'NT',
'1933/10/15',
'0',
'0',
'0',
'0',
'1',
'0',
'1',
'0',
'1'
)
 GO 

INSERT INTO [dbo].[AspNetUsers] 
 values 
(
'56',
'864794',
'Takako_Swanston',
'AMUiFUEhgvB6kzu5NUmEuRlE+0vT6iX/FechCHAcqgCT//qCo2WIDDPgBDOZ8MiyQQ==',
'b12dd7f0-b991-4dd2-aac4-109d89b0275f',
'Takako',
'Swanston',
'43958267',
'Takako_Swanston@aol.com',
'~\userprofile\default.png',
'ApplicationUser',
'Australia',
'9084',
'4 Corny Court',
'Wollongong',
'VIC',
'1944/11/18',
'0',
'0',
'0',
'0',
'0',
'0',
'0',
'0',
'1'
)
 GO 

INSERT INTO [dbo].[AspNetUsers] 
 values 
(
'57',
'673396',
'Shawnda_Beale',
'AMUiFUEhgvB6kzu5NUmEuRlE+0vT6iX/FechCHAcqgCT//qCo2WIDDPgBDOZ8MiyQQ==',
'b12dd7f0-b991-4dd2-aac4-109d89b0275f',
'Shawnda',
'Beale',
'70718572',
'Shawnda_Beale@live.com',
'~\userprofile\default.png',
'ApplicationUser',
'Australia',
'3055',
'63 Jacolite Street',
'Wollongong',
'TAS',
'1980/3/8',
'0',
'0',
'0',
'1',
'1',
'0',
'1',
'0',
'1'
)
 GO 

INSERT INTO [dbo].[AspNetUsers] 
 values 
(
'58',
'813029',
'Takako_McCombie',
'AMUiFUEhgvB6kzu5NUmEuRlE+0vT6iX/FechCHAcqgCT//qCo2WIDDPgBDOZ8MiyQQ==',
'b12dd7f0-b991-4dd2-aac4-109d89b0275f',
'Takako',
'McCombie',
'13851753',
'Takako_McCombie@aol.com',
'~\userprofile\default.png',
'ApplicationUser',
'Australia',
'11049',
'24 unchs Creek Road',
'Wollongong',
'TAS',
'1936/1/23',
'0',
'0',
'0',
'0',
'0',
'1',
'1',
'0',
'1'
)
 GO 

INSERT INTO [dbo].[AspNetUsers] 
 values 
(
'59',
'376337',
'Lezlie_Fortune',
'AMUiFUEhgvB6kzu5NUmEuRlE+0vT6iX/FechCHAcqgCT//qCo2WIDDPgBDOZ8MiyQQ==',
'b12dd7f0-b991-4dd2-aac4-109d89b0275f',
'Lezlie',
'Fortune',
'75479746',
'Lezlie_Fortune@gorilla.com',
'~\userprofile\default.png',
'ApplicationUser',
'Australia',
'8838',
'96 Martens Place',
'Wollongong',
'QLD',
'1976/2/15',
'0',
'0',
'0',
'1',
'0',
'0',
'0',
'0',
'1'
)
 GO 

INSERT INTO [dbo].[AspNetUsers] 
 values 
(
'60',
'321967',
'Kamala_Prinsep',
'AMUiFUEhgvB6kzu5NUmEuRlE+0vT6iX/FechCHAcqgCT//qCo2WIDDPgBDOZ8MiyQQ==',
'b12dd7f0-b991-4dd2-aac4-109d89b0275f',
'Kamala',
'Prinsep',
'83526593',
'Kamala_Prinsep@hotmail.com',
'~\userprofile\default.png',
'ApplicationUser',
'Australia',
'6649',
'84 Isaac Road',
'Wollongong',
'NSW',
'1983/12/14',
'0',
'0',
'0',
'1',
'0',
'0',
'1',
'0',
'1'
)
 GO 

INSERT INTO [dbo].[AspNetUsers] 
 values 
(
'61',
'444895',
'Zachary_Farmer',
'AMUiFUEhgvB6kzu5NUmEuRlE+0vT6iX/FechCHAcqgCT//qCo2WIDDPgBDOZ8MiyQQ==',
'b12dd7f0-b991-4dd2-aac4-109d89b0275f',
'Zachary',
'Farmer',
'39099898',
'Zachary_Farmer@uow.edu.au',
'~\userprofile\default.png',
'ApplicationUser',
'Australia',
'10024',
'79 Little Myers Street',
'Wollongong',
'ACT',
'1946/5/23',
'0',
'0',
'0',
'1',
'1',
'0',
'1',
'0',
'1'
)
 GO 

INSERT INTO [dbo].[AspNetUsers] 
 values 
(
'62',
'143823',
'Sonny_Fortune',
'AMUiFUEhgvB6kzu5NUmEuRlE+0vT6iX/FechCHAcqgCT//qCo2WIDDPgBDOZ8MiyQQ==',
'b12dd7f0-b991-4dd2-aac4-109d89b0275f',
'Sonny',
'Fortune',
'37730872',
'Sonny_Fortune@uow.edu.au',
'~\userprofile\default.png',
'ApplicationUser',
'Australia',
'10677',
'50 Woerdens Road',
'Wollongong',
'ACT',
'1938/11/15',
'0',
'0',
'0',
'0',
'0',
'1',
'1',
'1',
'1'
)
 GO 

INSERT INTO [dbo].[AspNetUsers] 
 values 
(
'63',
'983443',
'Moises_Tims',
'AMUiFUEhgvB6kzu5NUmEuRlE+0vT6iX/FechCHAcqgCT//qCo2WIDDPgBDOZ8MiyQQ==',
'b12dd7f0-b991-4dd2-aac4-109d89b0275f',
'Moises',
'Tims',
'1038731',
'Moises_Tims@live.com',
'~\userprofile\default.png',
'ApplicationUser',
'Australia',
'4032',
'22 Avondale Drive',
'Wollongong',
'ACT',
'1986/4/12',
'0',
'0',
'0',
'0',
'0',
'1',
'0',
'0',
'1'
)
 GO 

INSERT INTO [dbo].[AspNetUsers] 
 values 
(
'64',
'176406',
'Jacalyn_Clibborn',
'AMUiFUEhgvB6kzu5NUmEuRlE+0vT6iX/FechCHAcqgCT//qCo2WIDDPgBDOZ8MiyQQ==',
'b12dd7f0-b991-4dd2-aac4-109d89b0275f',
'Jacalyn',
'Clibborn',
'21068408',
'Jacalyn_Clibborn@aol.com',
'~\userprofile\default.png',
'ApplicationUser',
'Australia',
'2353',
'83 Bayfield Street',
'Wollongong',
'TAS',
'1970/12/19',
'0',
'0',
'0',
'0',
'1',
'1',
'1',
'0',
'1'
)
 GO 

INSERT INTO [dbo].[AspNetUsers] 
 values 
(
'65',
'735339',
'Jacalyn_Shaw',
'AMUiFUEhgvB6kzu5NUmEuRlE+0vT6iX/FechCHAcqgCT//qCo2WIDDPgBDOZ8MiyQQ==',
'b12dd7f0-b991-4dd2-aac4-109d89b0275f',
'Jacalyn',
'Shaw',
'91886911',
'Jacalyn_Shaw@uow.edu.au',
'~\userprofile\default.png',
'ApplicationUser',
'Australia',
'8197',
'10 Villeneuve Street',
'Wollongong',
'QLD',
'1943/4/11',
'0',
'0',
'0',
'1',
'1',
'0',
'1',
'0',
'1'
)
 GO 

INSERT INTO [dbo].[AspNetUsers] 
 values 
(
'66',
'314608',
'Donita_Berry',
'AMUiFUEhgvB6kzu5NUmEuRlE+0vT6iX/FechCHAcqgCT//qCo2WIDDPgBDOZ8MiyQQ==',
'b12dd7f0-b991-4dd2-aac4-109d89b0275f',
'Donita',
'Berry',
'87028564',
'Donita_Berry@gorilla.com',
'~\userprofile\default.png',
'ApplicationUser',
'Australia',
'1312',
'26 Nandewar Street',
'Wollongong',
'SA',
'1982/1/19',
'0',
'0',
'0',
'0',
'0',
'0',
'1',
'0',
'1'
)
 GO 

INSERT INTO [dbo].[AspNetUsers] 
 values 
(
'67',
'333225',
'Jamal_Cardell',
'AMUiFUEhgvB6kzu5NUmEuRlE+0vT6iX/FechCHAcqgCT//qCo2WIDDPgBDOZ8MiyQQ==',
'b12dd7f0-b991-4dd2-aac4-109d89b0275f',
'Jamal',
'Cardell',
'89601145',
'Jamal_Cardell@hotmail.com',
'~\userprofile\default.png',
'ApplicationUser',
'Australia',
'3643',
'97 Bayview Road',
'Wollongong',
'QLD',
'1956/12/10',
'0',
'0',
'0',
'0',
'1',
'0',
'0',
'1',
'1'
)
 GO 

INSERT INTO [dbo].[AspNetUsers] 
 values 
(
'68',
'670370',
'Teressa_Tims',
'AMUiFUEhgvB6kzu5NUmEuRlE+0vT6iX/FechCHAcqgCT//qCo2WIDDPgBDOZ8MiyQQ==',
'b12dd7f0-b991-4dd2-aac4-109d89b0275f',
'Teressa',
'Tims',
'55004108',
'Teressa_Tims@uow.edu.au',
'~\userprofile\default.png',
'ApplicationUser',
'Australia',
'4678',
'80 Woerdens Road',
'Wollongong',
'TAS',
'1962/5/10',
'0',
'0',
'0',
'0',
'1',
'0',
'1',
'0',
'1'
)
 GO 

INSERT INTO [dbo].[AspNetUsers] 
 values 
(
'69',
'501374',
'Takako_Marshall',
'AMUiFUEhgvB6kzu5NUmEuRlE+0vT6iX/FechCHAcqgCT//qCo2WIDDPgBDOZ8MiyQQ==',
'b12dd7f0-b991-4dd2-aac4-109d89b0275f',
'Takako',
'Marshall',
'12864986',
'Takako_Marshall@gmail.com',
'~\userprofile\default.png',
'ApplicationUser',
'Australia',
'8746',
'32 Boobialla Street',
'Wollongong',
'TAS',
'1969/1/5',
'0',
'0',
'0',
'0',
'1',
'1',
'0',
'0',
'1'
)
 GO 

INSERT INTO [dbo].[AspNetUsers] 
 values 
(
'70',
'974438',
'Odelia_Kraus',
'AMUiFUEhgvB6kzu5NUmEuRlE+0vT6iX/FechCHAcqgCT//qCo2WIDDPgBDOZ8MiyQQ==',
'b12dd7f0-b991-4dd2-aac4-109d89b0275f',
'Odelia',
'Kraus',
'89512824',
'Odelia_Kraus@uow.edu.au',
'~\userprofile\default.png',
'ApplicationUser',
'Australia',
'7192',
'78 Noalimba Avenue',
'Wollongong',
'NSW',
'1949/11/20',
'0',
'0',
'0',
'0',
'0',
'0',
'1',
'0',
'1'
)
 GO 

INSERT INTO [dbo].[AspNetUsers] 
 values 
(
'71',
'734377',
'Marhta_Tenison-Woods',
'AMUiFUEhgvB6kzu5NUmEuRlE+0vT6iX/FechCHAcqgCT//qCo2WIDDPgBDOZ8MiyQQ==',
'b12dd7f0-b991-4dd2-aac4-109d89b0275f',
'Marhta',
'Tenison-Woods',
'97113944',
'Marhta_Tenison-Woods@aol.com',
'~\userprofile\default.png',
'ApplicationUser',
'Australia',
'7620',
'28 Beach Street',
'Wollongong',
'TAS',
'1994/11/11',
'0',
'0',
'1',
'0',
'1',
'0',
'0',
'0',
'1'
)
 GO 

INSERT INTO [dbo].[AspNetUsers] 
 values 
(
'72',
'965306',
'Alona_Fortune',
'AMUiFUEhgvB6kzu5NUmEuRlE+0vT6iX/FechCHAcqgCT//qCo2WIDDPgBDOZ8MiyQQ==',
'b12dd7f0-b991-4dd2-aac4-109d89b0275f',
'Alona',
'Fortune',
'16830083',
'Alona_Fortune@live.com',
'~\userprofile\default.png',
'ApplicationUser',
'Australia',
'4113',
'19 Parkes Road',
'Wollongong',
'ACT',
'1963/2/4',
'0',
'0',
'1',
'0',
'0',
'0',
'1',
'1',
'1'
)
 GO 

INSERT INTO [dbo].[AspNetUsers] 
 values 
(
'73',
'925059',
'Syble_Findley',
'AMUiFUEhgvB6kzu5NUmEuRlE+0vT6iX/FechCHAcqgCT//qCo2WIDDPgBDOZ8MiyQQ==',
'b12dd7f0-b991-4dd2-aac4-109d89b0275f',
'Syble',
'Findley',
'40852879',
'Syble_Findley@gmail.com',
'~\userprofile\default.png',
'ApplicationUser',
'Australia',
'6964',
'21 Woerdens Road',
'Wollongong',
'NSW',
'1968/5/19',
'0',
'0',
'0',
'1',
'1',
'0',
'1',
'1',
'1'
)
 GO 

INSERT INTO [dbo].[AspNetUsers] 
 values 
(
'74',
'441818',
'Sharilyn_Berry',
'AMUiFUEhgvB6kzu5NUmEuRlE+0vT6iX/FechCHAcqgCT//qCo2WIDDPgBDOZ8MiyQQ==',
'b12dd7f0-b991-4dd2-aac4-109d89b0275f',
'Sharilyn',
'Berry',
'89726026',
'Sharilyn_Berry@hotmail.com',
'~\userprofile\default.png',
'ApplicationUser',
'Australia',
'7991',
'59 Nandewar Street',
'Wollongong',
'NSW',
'1982/4/23',
'0',
'0',
'0',
'0',
'1',
'1',
'0',
'0',
'1'
)
 GO 

INSERT INTO [dbo].[AspNetUsers] 
 values 
(
'75',
'237957',
'Zachary_Beale',
'AMUiFUEhgvB6kzu5NUmEuRlE+0vT6iX/FechCHAcqgCT//qCo2WIDDPgBDOZ8MiyQQ==',
'b12dd7f0-b991-4dd2-aac4-109d89b0275f',
'Zachary',
'Beale',
'79248251',
'Zachary_Beale@hotmail.com',
'~\userprofile\default.png',
'ApplicationUser',
'Australia',
'6065',
'92 Tooraweenah Road',
'Wollongong',
'ACT',
'1956/7/2',
'0',
'0',
'0',
'1',
'1',
'1',
'1',
'0',
'1'
)
 GO 

INSERT INTO [dbo].[AspNetUsers] 
 values 
(
'76',
'107702',
'Doloris_Marshall',
'AMUiFUEhgvB6kzu5NUmEuRlE+0vT6iX/FechCHAcqgCT//qCo2WIDDPgBDOZ8MiyQQ==',
'b12dd7f0-b991-4dd2-aac4-109d89b0275f',
'Doloris',
'Marshall',
'3910584',
'Doloris_Marshall@hotmail.com',
'~\userprofile\default.png',
'ApplicationUser',
'Australia',
'2178',
'95 ills Street',
'Wollongong',
'QLD',
'1965/6/11',
'0',
'0',
'0',
'1',
'1',
'1',
'1',
'0',
'1'
)
 GO 

INSERT INTO [dbo].[AspNetUsers] 
 values 
(
'77',
'963485',
'Kamala_Marshall',
'AMUiFUEhgvB6kzu5NUmEuRlE+0vT6iX/FechCHAcqgCT//qCo2WIDDPgBDOZ8MiyQQ==',
'b12dd7f0-b991-4dd2-aac4-109d89b0275f',
'Kamala',
'Marshall',
'67244259',
'Kamala_Marshall@gorilla.com',
'~\userprofile\default.png',
'ApplicationUser',
'Australia',
'7338',
'37 Endeavour Drive',
'Wollongong',
'QLD',
'1971/5/13',
'0',
'0',
'0',
'1',
'1',
'1',
'1',
'0',
'1'
)
 GO 

INSERT INTO [dbo].[AspNetUsers] 
 values 
(
'78',
'537636',
'Howard_Kavanagh',
'AMUiFUEhgvB6kzu5NUmEuRlE+0vT6iX/FechCHAcqgCT//qCo2WIDDPgBDOZ8MiyQQ==',
'b12dd7f0-b991-4dd2-aac4-109d89b0275f',
'Howard',
'Kavanagh',
'17783090',
'Howard_Kavanagh@gorilla.com',
'~\userprofile\default.png',
'ApplicationUser',
'Australia',
'1399',
'52 Villeneuve Street',
'Wollongong',
'VIC',
'1945/11/26',
'0',
'0',
'0',
'0',
'1',
'1',
'0',
'0',
'1'
)
 GO 

INSERT INTO [dbo].[AspNetUsers] 
 values 
(
'79',
'615021',
'Marhta_Marshall',
'AMUiFUEhgvB6kzu5NUmEuRlE+0vT6iX/FechCHAcqgCT//qCo2WIDDPgBDOZ8MiyQQ==',
'b12dd7f0-b991-4dd2-aac4-109d89b0275f',
'Marhta',
'Marshall',
'98763712',
'Marhta_Marshall@gmail.com',
'~\userprofile\default.png',
'ApplicationUser',
'Australia',
'7900',
'8 Webb Road',
'Wollongong',
'VIC',
'1954/2/3',
'0',
'0',
'0',
'1',
'1',
'1',
'0',
'0',
'1'
)
 GO 

INSERT INTO [dbo].[AspNetUsers] 
 values 
(
'80',
'1044690',
'Doloris_Catt',
'AMUiFUEhgvB6kzu5NUmEuRlE+0vT6iX/FechCHAcqgCT//qCo2WIDDPgBDOZ8MiyQQ==',
'b12dd7f0-b991-4dd2-aac4-109d89b0275f',
'Doloris',
'Catt',
'90654329',
'Doloris_Catt@hotmail.com',
'~\userprofile\default.png',
'ApplicationUser',
'Australia',
'2572',
'32 Parkes Road',
'Wollongong',
'TAS',
'1966/2/15',
'0',
'0',
'1',
'0',
'0',
'0',
'1',
'0',
'1'
)
 GO 

INSERT INTO [dbo].[AspNetUsers] 
 values 
(
'81',
'729445',
'Shawnda_Kraus',
'AMUiFUEhgvB6kzu5NUmEuRlE+0vT6iX/FechCHAcqgCT//qCo2WIDDPgBDOZ8MiyQQ==',
'b12dd7f0-b991-4dd2-aac4-109d89b0275f',
'Shawnda',
'Kraus',
'78862216',
'Shawnda_Kraus@hotmail.com',
'~\userprofile\default.png',
'ApplicationUser',
'Australia',
'10812',
'57 Martens Place',
'Wollongong',
'QLD',
'1994/10/12',
'0',
'0',
'1',
'0',
'0',
'0',
'0',
'1',
'1'
)
 GO 

INSERT INTO [dbo].[AspNetUsers] 
 values 
(
'82',
'946691',
'Howard_Farmer',
'AMUiFUEhgvB6kzu5NUmEuRlE+0vT6iX/FechCHAcqgCT//qCo2WIDDPgBDOZ8MiyQQ==',
'b12dd7f0-b991-4dd2-aac4-109d89b0275f',
'Howard',
'Farmer',
'28801094',
'Howard_Farmer@live.com',
'~\userprofile\default.png',
'ApplicationUser',
'Australia',
'5933',
'22 Noalimba Avenue',
'Wollongong',
'NSW',
'1974/7/11',
'0',
'0',
'1',
'1',
'0',
'0',
'1',
'0',
'1'
)
 GO 

INSERT INTO [dbo].[AspNetUsers] 
 values 
(
'83',
'469434',
'Shawnda_Findley',
'AMUiFUEhgvB6kzu5NUmEuRlE+0vT6iX/FechCHAcqgCT//qCo2WIDDPgBDOZ8MiyQQ==',
'b12dd7f0-b991-4dd2-aac4-109d89b0275f',
'Shawnda',
'Findley',
'10627173',
'Shawnda_Findley@gmail.com',
'~\userprofile\default.png',
'ApplicationUser',
'Australia',
'2981',
'35 Carba Road',
'Wollongong',
'NSW',
'1936/7/18',
'0',
'0',
'0',
'1',
'1',
'1',
'0',
'1',
'1'
)
 GO 

INSERT INTO [dbo].[AspNetUsers] 
 values 
(
'84',
'520091',
'Christopher_Hentze',
'AMUiFUEhgvB6kzu5NUmEuRlE+0vT6iX/FechCHAcqgCT//qCo2WIDDPgBDOZ8MiyQQ==',
'b12dd7f0-b991-4dd2-aac4-109d89b0275f',
'Christopher',
'Hentze',
'20906765',
'Christopher_Hentze@gorilla.com',
'~\userprofile\default.png',
'ApplicationUser',
'Australia',
'10828',
'13 Seaview Court',
'Wollongong',
'ACT',
'1943/6/16',
'0',
'0',
'1',
'0',
'0',
'1',
'1',
'0',
'1'
)
 GO 

INSERT INTO [dbo].[AspNetUsers] 
 values 
(
'85',
'292888',
'Sherron_Kavanagh',
'AMUiFUEhgvB6kzu5NUmEuRlE+0vT6iX/FechCHAcqgCT//qCo2WIDDPgBDOZ8MiyQQ==',
'b12dd7f0-b991-4dd2-aac4-109d89b0275f',
'Sherron',
'Kavanagh',
'87419848',
'Sherron_Kavanagh@live.com',
'~\userprofile\default.png',
'ApplicationUser',
'Australia',
'7274',
'20 Webb Road',
'Wollongong',
'TAS',
'1963/9/18',
'0',
'0',
'1',
'1',
'0',
'0',
'0',
'1',
'1'
)
 GO 

INSERT INTO [dbo].[AspNetUsers] 
 values 
(
'86',
'226454',
'Drema_Moran',
'AMUiFUEhgvB6kzu5NUmEuRlE+0vT6iX/FechCHAcqgCT//qCo2WIDDPgBDOZ8MiyQQ==',
'b12dd7f0-b991-4dd2-aac4-109d89b0275f',
'Drema',
'Moran',
'11916811',
'Drema_Moran@gorilla.com',
'~\userprofile\default.png',
'ApplicationUser',
'Australia',
'7447',
'73 Woerdens Road',
'Wollongong',
'SA',
'1962/8/5',
'0',
'0',
'0',
'1',
'1',
'0',
'1',
'0',
'1'
)
 GO 

INSERT INTO [dbo].[AspNetUsers] 
 values 
(
'87',
'191965',
'Zachary_Woodfull',
'AMUiFUEhgvB6kzu5NUmEuRlE+0vT6iX/FechCHAcqgCT//qCo2WIDDPgBDOZ8MiyQQ==',
'b12dd7f0-b991-4dd2-aac4-109d89b0275f',
'Zachary',
'Woodfull',
'38820304',
'Zachary_Woodfull@uow.edu.au',
'~\userprofile\default.png',
'ApplicationUser',
'Australia',
'2111',
'87 Webb Road',
'Wollongong',
'QLD',
'1984/5/14',
'0',
'0',
'0',
'1',
'1',
'0',
'0',
'0',
'1'
)
 GO 

INSERT INTO [dbo].[AspNetUsers] 
 values 
(
'88',
'703492',
'Takako_Goudie',
'AMUiFUEhgvB6kzu5NUmEuRlE+0vT6iX/FechCHAcqgCT//qCo2WIDDPgBDOZ8MiyQQ==',
'b12dd7f0-b991-4dd2-aac4-109d89b0275f',
'Takako',
'Goudie',
'70749840',
'Takako_Goudie@aol.com',
'~\userprofile\default.png',
'ApplicationUser',
'Australia',
'1679',
'74 Nandewar Street',
'Wollongong',
'TAS',
'1947/9/20',
'0',
'0',
'1',
'0',
'0',
'1',
'0',
'0',
'1'
)
 GO 

INSERT INTO [dbo].[AspNetUsers] 
 values 
(
'89',
'502955',
'Christopher_Beach',
'AMUiFUEhgvB6kzu5NUmEuRlE+0vT6iX/FechCHAcqgCT//qCo2WIDDPgBDOZ8MiyQQ==',
'b12dd7f0-b991-4dd2-aac4-109d89b0275f',
'Christopher',
'Beach',
'26935007',
'Christopher_Beach@aol.com',
'~\userprofile\default.png',
'ApplicationUser',
'Australia',
'5312',
'47 Endeavour Drive',
'Wollongong',
'VIC',
'1951/4/20',
'0',
'0',
'0',
'1',
'1',
'0',
'1',
'0',
'1'
)
 GO 

INSERT INTO [dbo].[AspNetUsers] 
 values 
(
'90',
'203627',
'Lottie_Hentze',
'AMUiFUEhgvB6kzu5NUmEuRlE+0vT6iX/FechCHAcqgCT//qCo2WIDDPgBDOZ8MiyQQ==',
'b12dd7f0-b991-4dd2-aac4-109d89b0275f',
'Lottie',
'Hentze',
'10188994',
'Lottie_Hentze@uow.edu.au',
'~\userprofile\default.png',
'ApplicationUser',
'Australia',
'6246',
'12 Martens Place',
'Wollongong',
'QLD',
'1948/12/10',
'0',
'0',
'0',
'1',
'0',
'1',
'0',
'0',
'1'
)
 GO 

INSERT INTO [dbo].[AspNetUsers] 
 values 
(
'91',
'1051745',
'Marhta_Swanston',
'AMUiFUEhgvB6kzu5NUmEuRlE+0vT6iX/FechCHAcqgCT//qCo2WIDDPgBDOZ8MiyQQ==',
'b12dd7f0-b991-4dd2-aac4-109d89b0275f',
'Marhta',
'Swanston',
'46834729',
'Marhta_Swanston@uow.edu.au',
'~\userprofile\default.png',
'ApplicationUser',
'Australia',
'3079',
'20 unchs Creek Road',
'Wollongong',
'SA',
'1959/6/30',
'0',
'0',
'0',
'0',
'1',
'1',
'0',
'0',
'1'
)
 GO 

INSERT INTO [dbo].[AspNetUsers] 
 values 
(
'92',
'1002508',
'Sanjuanita_Sandes',
'AMUiFUEhgvB6kzu5NUmEuRlE+0vT6iX/FechCHAcqgCT//qCo2WIDDPgBDOZ8MiyQQ==',
'b12dd7f0-b991-4dd2-aac4-109d89b0275f',
'Sanjuanita',
'Sandes',
'83149599',
'Sanjuanita_Sandes@aol.com',
'~\userprofile\default.png',
'ApplicationUser',
'Australia',
'9635',
'14 George Street',
'Wollongong',
'VIC',
'1990/11/20',
'0',
'0',
'0',
'0',
'0',
'0',
'0',
'0',
'1'
)
 GO 

INSERT INTO [dbo].[AspNetUsers] 
 values 
(
'93',
'1070378',
'Socorro_Cardell',
'AMUiFUEhgvB6kzu5NUmEuRlE+0vT6iX/FechCHAcqgCT//qCo2WIDDPgBDOZ8MiyQQ==',
'b12dd7f0-b991-4dd2-aac4-109d89b0275f',
'Socorro',
'Cardell',
'50993760',
'Socorro_Cardell@uow.edu.au',
'~\userprofile\default.png',
'ApplicationUser',
'Australia',
'2440',
'88 Elizabeth Street',
'Wollongong',
'ACT',
'1992/12/2',
'0',
'0',
'1',
'0',
'1',
'1',
'1',
'0',
'1'
)
 GO 

INSERT INTO [dbo].[AspNetUsers] 
 values 
(
'94',
'781547',
'Emanuel_McCorkindale',
'AMUiFUEhgvB6kzu5NUmEuRlE+0vT6iX/FechCHAcqgCT//qCo2WIDDPgBDOZ8MiyQQ==',
'b12dd7f0-b991-4dd2-aac4-109d89b0275f',
'Emanuel',
'McCorkindale',
'39219918',
'Emanuel_McCorkindale@live.com',
'~\userprofile\default.png',
'ApplicationUser',
'Australia',
'4184',
'24 Bayview Road',
'Wollongong',
'ACT',
'1942/6/13',
'0',
'0',
'0',
'0',
'0',
'0',
'1',
'1',
'1'
)
 GO 

INSERT INTO [dbo].[AspNetUsers] 
 values 
(
'95',
'130026',
'Zachary_Moran',
'AMUiFUEhgvB6kzu5NUmEuRlE+0vT6iX/FechCHAcqgCT//qCo2WIDDPgBDOZ8MiyQQ==',
'b12dd7f0-b991-4dd2-aac4-109d89b0275f',
'Zachary',
'Moran',
'55947394',
'Zachary_Moran@gmail.com',
'~\userprofile\default.png',
'ApplicationUser',
'Australia',
'3407',
'29 Stanley Drive',
'Wollongong',
'VIC',
'1969/10/13',
'0',
'0',
'0',
'0',
'1',
'0',
'0',
'0',
'1'
)
 GO 

INSERT INTO [dbo].[AspNetUsers] 
 values 
(
'96',
'585347',
'Teressa_Tenison-Woods',
'AMUiFUEhgvB6kzu5NUmEuRlE+0vT6iX/FechCHAcqgCT//qCo2WIDDPgBDOZ8MiyQQ==',
'b12dd7f0-b991-4dd2-aac4-109d89b0275f',
'Teressa',
'Tenison-Woods',
'69175190',
'Teressa_Tenison-Woods@hotmail.com',
'~\userprofile\default.png',
'ApplicationUser',
'Australia',
'8505',
'97 Saggers Road',
'Wollongong',
'ACT',
'1960/10/15',
'0',
'0',
'1',
'1',
'0',
'0',
'1',
'0',
'1'
)
 GO 

INSERT INTO [dbo].[AspNetUsers] 
 values 
(
'97',
'872434',
'Kenyatta_Hicks',
'AMUiFUEhgvB6kzu5NUmEuRlE+0vT6iX/FechCHAcqgCT//qCo2WIDDPgBDOZ8MiyQQ==',
'b12dd7f0-b991-4dd2-aac4-109d89b0275f',
'Kenyatta',
'Hicks',
'56626398',
'Kenyatta_Hicks@gmail.com',
'~\userprofile\default.png',
'ApplicationUser',
'Australia',
'2831',
'74 ills Street',
'Wollongong',
'TAS',
'1981/5/16',
'0',
'0',
'0',
'1',
'0',
'0',
'1',
'1',
'1'
)
 GO 

INSERT INTO [dbo].[AspNetUsers] 
 values 
(
'98',
'657462',
'Sherita_Findley',
'AMUiFUEhgvB6kzu5NUmEuRlE+0vT6iX/FechCHAcqgCT//qCo2WIDDPgBDOZ8MiyQQ==',
'b12dd7f0-b991-4dd2-aac4-109d89b0275f',
'Sherita',
'Findley',
'16907789',
'Sherita_Findley@live.com',
'~\userprofile\default.png',
'ApplicationUser',
'Australia',
'4122',
'41 Avondale Drive',
'Wollongong',
'VIC',
'1963/7/19',
'0',
'0',
'1',
'0',
'1',
'1',
'0',
'0',
'1'
)
 GO 

INSERT INTO [dbo].[AspNetUsers] 
 values 
(
'99',
'333966',
'Carlena_Gadsdon',
'AMUiFUEhgvB6kzu5NUmEuRlE+0vT6iX/FechCHAcqgCT//qCo2WIDDPgBDOZ8MiyQQ==',
'b12dd7f0-b991-4dd2-aac4-109d89b0275f',
'Carlena',
'Gadsdon',
'95237365',
'Carlena_Gadsdon@uow.edu.au',
'~\userprofile\default.png',
'ApplicationUser',
'Australia',
'3948',
'8 Cedar Street',
'Wollongong',
'SA',
'1934/10/28',
'0',
'0',
'0',
'0',
'1',
'1',
'1',
'0',
'1'
)
 GO 

SET IDENTITY_INSERT TOURNAMENT ON  
 GO
INSERT INTO [dbo].[TOURNAMENT] 
 (tournamentId, name, startDate, organizer, ageBracket, grade, sport, status, priority) 
values 
(
'1',
'angsty teems league',
'2015/08/10',
'organizer',
'16',
'4',
'Soccer',
'1',
'5'
)
 GO 

SET IDENTITY_INSERT TOURNAMENT OFF  
 GO
INSERT INTO [dbo].[AspNetRoles] 
 values 
(
'1',
'Admin'
)
 GO 

INSERT INTO [dbo].[AspNetRoles] 
 values 
(
'2',
'Player'
)
 GO 

INSERT INTO [dbo].[AspNetRoles] 
 values 
(
'3',
'Referee'
)
 GO 

INSERT INTO [dbo].[AspNetRoles] 
 values 
(
'4',
'Organizer'
)
 GO 

INSERT INTO [dbo].[AspNetUserRoles] 
 values 
(
'admin',
'1'
)
 GO 

INSERT INTO [dbo].[AspNetUserRoles] 
 values 
(
'player',
'2'
)
 GO 

INSERT INTO [dbo].[AspNetUserRoles] 
 values 
(
'referee',
'3'
)
 GO 

INSERT INTO [dbo].[AspNetUserRoles] 
 values 
(
'algorithm',
'3'
)
 GO 

INSERT INTO [dbo].[AspNetUserRoles] 
 values 
(
'organizer',
'4'
)
 GO 

INSERT INTO [dbo].[AspNetUserRoles] 
 values 
(
'1',
'3'
)
 GO 

INSERT INTO [dbo].[AspNetUserRoles] 
 values 
(
'1',
'2'
)
 GO 

INSERT INTO [dbo].[AspNetUserRoles] 
 values 
(
'2',
'3'
)
 GO 

INSERT INTO [dbo].[AspNetUserRoles] 
 values 
(
'2',
'2'
)
 GO 

INSERT INTO [dbo].[AspNetUserRoles] 
 values 
(
'3',
'3'
)
 GO 

INSERT INTO [dbo].[AspNetUserRoles] 
 values 
(
'3',
'2'
)
 GO 

INSERT INTO [dbo].[AspNetUserRoles] 
 values 
(
'4',
'2'
)
 GO 

INSERT INTO [dbo].[AspNetUserRoles] 
 values 
(
'6',
'2'
)
 GO 

INSERT INTO [dbo].[AspNetUserRoles] 
 values 
(
'7',
'2'
)
 GO 

INSERT INTO [dbo].[AspNetUserRoles] 
 values 
(
'11',
'2'
)
 GO 

INSERT INTO [dbo].[AspNetUserRoles] 
 values 
(
'13',
'2'
)
 GO 

INSERT INTO [dbo].[AspNetUserRoles] 
 values 
(
'14',
'3'
)
 GO 

INSERT INTO [dbo].[AspNetUserRoles] 
 values 
(
'14',
'2'
)
 GO 

INSERT INTO [dbo].[AspNetUserRoles] 
 values 
(
'16',
'2'
)
 GO 

INSERT INTO [dbo].[AspNetUserRoles] 
 values 
(
'18',
'2'
)
 GO 

INSERT INTO [dbo].[AspNetUserRoles] 
 values 
(
'22',
'2'
)
 GO 

INSERT INTO [dbo].[AspNetUserRoles] 
 values 
(
'23',
'3'
)
 GO 

INSERT INTO [dbo].[AspNetUserRoles] 
 values 
(
'25',
'3'
)
 GO 

INSERT INTO [dbo].[AspNetUserRoles] 
 values 
(
'26',
'2'
)
 GO 

INSERT INTO [dbo].[AspNetUserRoles] 
 values 
(
'29',
'2'
)
 GO 

INSERT INTO [dbo].[AspNetUserRoles] 
 values 
(
'33',
'2'
)
 GO 

INSERT INTO [dbo].[AspNetUserRoles] 
 values 
(
'34',
'3'
)
 GO 

INSERT INTO [dbo].[AspNetUserRoles] 
 values 
(
'34',
'2'
)
 GO 

INSERT INTO [dbo].[AspNetUserRoles] 
 values 
(
'35',
'2'
)
 GO 

INSERT INTO [dbo].[AspNetUserRoles] 
 values 
(
'36',
'2'
)
 GO 

INSERT INTO [dbo].[AspNetUserRoles] 
 values 
(
'39',
'3'
)
 GO 

INSERT INTO [dbo].[AspNetUserRoles] 
 values 
(
'40',
'2'
)
 GO 

INSERT INTO [dbo].[AspNetUserRoles] 
 values 
(
'46',
'2'
)
 GO 

INSERT INTO [dbo].[AspNetUserRoles] 
 values 
(
'48',
'2'
)
 GO 

INSERT INTO [dbo].[AspNetUserRoles] 
 values 
(
'50',
'2'
)
 GO 

INSERT INTO [dbo].[AspNetUserRoles] 
 values 
(
'51',
'2'
)
 GO 

INSERT INTO [dbo].[AspNetUserRoles] 
 values 
(
'52',
'3'
)
 GO 

INSERT INTO [dbo].[AspNetUserRoles] 
 values 
(
'54',
'2'
)
 GO 

INSERT INTO [dbo].[AspNetUserRoles] 
 values 
(
'57',
'2'
)
 GO 

INSERT INTO [dbo].[AspNetUserRoles] 
 values 
(
'59',
'2'
)
 GO 

INSERT INTO [dbo].[AspNetUserRoles] 
 values 
(
'60',
'2'
)
 GO 

INSERT INTO [dbo].[AspNetUserRoles] 
 values 
(
'61',
'2'
)
 GO 

INSERT INTO [dbo].[AspNetUserRoles] 
 values 
(
'65',
'2'
)
 GO 

INSERT INTO [dbo].[AspNetUserRoles] 
 values 
(
'71',
'3'
)
 GO 

INSERT INTO [dbo].[AspNetUserRoles] 
 values 
(
'72',
'3'
)
 GO 

INSERT INTO [dbo].[AspNetUserRoles] 
 values 
(
'73',
'2'
)
 GO 

INSERT INTO [dbo].[AspNetUserRoles] 
 values 
(
'75',
'2'
)
 GO 

INSERT INTO [dbo].[AspNetUserRoles] 
 values 
(
'76',
'2'
)
 GO 

INSERT INTO [dbo].[AspNetUserRoles] 
 values 
(
'77',
'2'
)
 GO 

INSERT INTO [dbo].[AspNetUserRoles] 
 values 
(
'79',
'2'
)
 GO 

INSERT INTO [dbo].[AspNetUserRoles] 
 values 
(
'80',
'3'
)
 GO 

INSERT INTO [dbo].[AspNetUserRoles] 
 values 
(
'81',
'3'
)
 GO 

INSERT INTO [dbo].[AspNetUserRoles] 
 values 
(
'82',
'3'
)
 GO 

INSERT INTO [dbo].[AspNetUserRoles] 
 values 
(
'82',
'2'
)
 GO 

INSERT INTO [dbo].[AspNetUserRoles] 
 values 
(
'83',
'2'
)
 GO 

INSERT INTO [dbo].[AspNetUserRoles] 
 values 
(
'84',
'3'
)
 GO 

INSERT INTO [dbo].[AspNetUserRoles] 
 values 
(
'85',
'3'
)
 GO 

INSERT INTO [dbo].[AspNetUserRoles] 
 values 
(
'85',
'2'
)
 GO 

INSERT INTO [dbo].[AspNetUserRoles] 
 values 
(
'86',
'2'
)
 GO 

INSERT INTO [dbo].[AspNetUserRoles] 
 values 
(
'87',
'2'
)
 GO 

INSERT INTO [dbo].[AspNetUserRoles] 
 values 
(
'88',
'3'
)
 GO 

INSERT INTO [dbo].[AspNetUserRoles] 
 values 
(
'89',
'2'
)
 GO 

INSERT INTO [dbo].[AspNetUserRoles] 
 values 
(
'90',
'2'
)
 GO 

INSERT INTO [dbo].[AspNetUserRoles] 
 values 
(
'93',
'3'
)
 GO 

INSERT INTO [dbo].[AspNetUserRoles] 
 values 
(
'96',
'3'
)
 GO 

INSERT INTO [dbo].[AspNetUserRoles] 
 values 
(
'96',
'2'
)
 GO 

INSERT INTO [dbo].[AspNetUserRoles] 
 values 
(
'97',
'2'
)
 GO 

INSERT INTO [dbo].[AspNetUserRoles] 
 values 
(
'98',
'3'
)
 GO 

SET IDENTITY_INSERT TYPE ON  
 GO
INSERT INTO [dbo].[TYPE] 
 (typeId, name, description, priority, status) 
values 
(
'1',
'Referee',
'a description: Referee is pretty cool ',
'5',
'1'
)
 GO 

INSERT INTO [dbo].[TYPE] 
 (typeId, name, description, priority, status) 
values 
(
'2',
'Referee Assistant 1',
'a description: Referee Assistant 1 is pretty cool ',
'5',
'1'
)
 GO 

INSERT INTO [dbo].[TYPE] 
 (typeId, name, description, priority, status) 
values 
(
'3',
'Referee Assistant 2',
'a description: Referee Assistant 2 is pretty cool ',
'5',
'1'
)
 GO 

INSERT INTO [dbo].[TYPE] 
 (typeId, name, description, priority, status) 
values 
(
'4',
'Fourth Official',
'a description: Fourth Official is pretty cool ',
'5',
'1'
)
 GO 

SET IDENTITY_INSERT TYPE OFF  
 GO
SET IDENTITY_INSERT LOCATION ON  
 GO
INSERT INTO [dbo].[LOCATION] 
 (locationId, name, price, street, city, postcode, phoneNum, country, state, status, geogCol1) 
values 
(
'1',
'glens field',
'548',
'68 ills Street',
'Wollongong',
'4239',
'75406901',
'Australia',
'NSW',
'1',
geography::STGeomFromText('LINESTRING(-122.360 47.656, -122.343 47.656 )', 4326)
)
 GO 

INSERT INTO [dbo].[LOCATION] 
 (locationId, name, price, street, city, postcode, phoneNum, country, state, status, geogCol1) 
values 
(
'2',
'collegens field',
'9',
'50 Saggers Road',
'Wollongong',
'6609',
'62478321',
'Australia',
'QLD',
'1',
geography::STGeomFromText('LINESTRING(-122.360 47.656, -122.343 47.656 )', 4326)
)
 GO 

INSERT INTO [dbo].[LOCATION] 
 (locationId, name, price, street, city, postcode, phoneNum, country, state, status, geogCol1) 
values 
(
'3',
'steel field',
'922',
'84 Lane Street',
'Wollongong',
'1197',
'59108302',
'Australia',
'SA',
'1',
geography::STGeomFromText('LINESTRING(-122.360 47.656, -122.343 47.656 )', 4326)
)
 GO 

INSERT INTO [dbo].[LOCATION] 
 (locationId, name, price, street, city, postcode, phoneNum, country, state, status, geogCol1) 
values 
(
'4',
'grass knowles',
'929',
'9 Villeneuve Street',
'Wollongong',
'1517',
'99580326',
'Australia',
'ACT',
'1',
geography::STGeomFromText('LINESTRING(-122.360 47.656, -122.343 47.656 )', 4326)
)
 GO 

INSERT INTO [dbo].[LOCATION] 
 (locationId, name, price, street, city, postcode, phoneNum, country, state, status, geogCol1) 
values 
(
'5',
'locks field',
'445',
'2 Taylor Street',
'Wollongong',
'6200',
'109650401',
'Australia',
'VIC',
'1',
geography::STGeomFromText('LINESTRING(-122.360 47.656, -122.343 47.656 )', 4326)
)
 GO 

INSERT INTO [dbo].[LOCATION] 
 (locationId, name, price, street, city, postcode, phoneNum, country, state, status, geogCol1) 
values 
(
'6',
'cirpus paddock',
'235',
'68 McLeans Road',
'Wollongong',
'3604',
'77998247',
'Australia',
'NT',
'1',
geography::STGeomFromText('LINESTRING(-122.360 47.656, -122.343 47.656 )', 4326)
)
 GO 

INSERT INTO [dbo].[LOCATION] 
 (locationId, name, price, street, city, postcode, phoneNum, country, state, status, geogCol1) 
values 
(
'7',
'middle field',
'735',
'30 Taylor Street',
'Wollongong',
'2758',
'104681561',
'Australia',
'QLD',
'1',
geography::STGeomFromText('LINESTRING(-122.360 47.656, -122.343 47.656 )', 4326)
)
 GO 

INSERT INTO [dbo].[LOCATION] 
 (locationId, name, price, street, city, postcode, phoneNum, country, state, status, geogCol1) 
values 
(
'8',
'first field',
'579',
'44 Webb Road',
'Wollongong',
'3009',
'51845580',
'Australia',
'NSW',
'1',
geography::STGeomFromText('LINESTRING(-122.360 47.656, -122.343 47.656 )', 4326)
)
 GO 

INSERT INTO [dbo].[LOCATION] 
 (locationId, name, price, street, city, postcode, phoneNum, country, state, status, geogCol1) 
values 
(
'9',
'last field',
'939',
'13 Southwell Crescent',
'Wollongong',
'3447',
'27405894',
'Australia',
'TAS',
'1',
geography::STGeomFromText('LINESTRING(-122.360 47.656, -122.343 47.656 )', 4326)
)
 GO 

INSERT INTO [dbo].[LOCATION] 
 (locationId, name, price, street, city, postcode, phoneNum, country, state, status, geogCol1) 
values 
(
'10',
'main field',
'6',
'87 McPherson Road',
'Wollongong',
'2057',
'44332252',
'Australia',
'VIC',
'1',
geography::STGeomFromText('LINESTRING(-122.360 47.656, -122.343 47.656 )', 4326)
)
 GO 

SET IDENTITY_INSERT LOCATION OFF 
 GO
SET IDENTITY_INSERT REFEREE ON  
 GO
INSERT INTO [dbo].[REFEREE] 
(RefId, distTravel, sport, userId, maxGames, status, rating) 
values 
(
'1000',
'26',
'Soccer',
'referee',
'4',
'1',
'1'
)
 GO 

INSERT INTO [dbo].[REFEREE] 
(RefId, distTravel, sport, userId, maxGames, status, rating) 
values 
(
'10000',
'44',
'Soccer',
'algorithm',
'2',
'1',
'3'
)
 GO 

INSERT INTO [dbo].[REFEREE] 
(RefId, distTravel, sport, userId, maxGames, status, rating) 
values 
(
'73771706',
'74',
'Soccer',
'1',
'2',
'1',
'2'
)
 GO 

INSERT INTO [dbo].[REFEREE] 
(RefId, distTravel, sport, userId, maxGames, status, rating) 
values 
(
'64088008',
'20',
'Soccer',
'2',
'2',
'1',
'2'
)
 GO 

INSERT INTO [dbo].[REFEREE] 
(RefId, distTravel, sport, userId, maxGames, status, rating) 
values 
(
'93716071',
'79',
'Soccer',
'3',
'4',
'1',
'3'
)
 GO 

INSERT INTO [dbo].[REFEREE] 
(RefId, distTravel, sport, userId, maxGames, status, rating) 
values 
(
'66923590',
'77',
'Soccer',
'14',
'1',
'1',
'4'
)
 GO 

INSERT INTO [dbo].[REFEREE] 
(RefId, distTravel, sport, userId, maxGames, status, rating) 
values 
(
'70601929',
'99',
'Soccer',
'23',
'3',
'1',
'1'
)
 GO 

INSERT INTO [dbo].[REFEREE] 
(RefId, distTravel, sport, userId, maxGames, status, rating) 
values 
(
'81170816',
'30',
'Soccer',
'25',
'1',
'1',
'3'
)
 GO 

INSERT INTO [dbo].[REFEREE] 
(RefId, distTravel, sport, userId, maxGames, status, rating) 
values 
(
'64297422',
'39',
'Soccer',
'34',
'3',
'1',
'4'
)
 GO 

INSERT INTO [dbo].[REFEREE] 
(RefId, distTravel, sport, userId, maxGames, status, rating) 
values 
(
'92734524',
'82',
'Soccer',
'39',
'2',
'1',
'1'
)
 GO 

INSERT INTO [dbo].[REFEREE] 
(RefId, distTravel, sport, userId, maxGames, status, rating) 
values 
(
'89343376',
'87',
'Soccer',
'52',
'4',
'1',
'3'
)
 GO 

INSERT INTO [dbo].[REFEREE] 
(RefId, distTravel, sport, userId, maxGames, status, rating) 
values 
(
'1036469',
'12',
'Soccer',
'71',
'2',
'1',
'3'
)
 GO 

INSERT INTO [dbo].[REFEREE] 
(RefId, distTravel, sport, userId, maxGames, status, rating) 
values 
(
'72005771',
'94',
'Soccer',
'72',
'4',
'1',
'1'
)
 GO 

INSERT INTO [dbo].[REFEREE] 
(RefId, distTravel, sport, userId, maxGames, status, rating) 
values 
(
'9634512',
'20',
'Soccer',
'80',
'1',
'1',
'3'
)
 GO 

INSERT INTO [dbo].[REFEREE] 
(RefId, distTravel, sport, userId, maxGames, status, rating) 
values 
(
'43563414',
'63',
'Soccer',
'81',
'1',
'1',
'1'
)
 GO 

INSERT INTO [dbo].[REFEREE] 
(RefId, distTravel, sport, userId, maxGames, status, rating) 
values 
(
'87842852',
'67',
'Soccer',
'82',
'3',
'1',
'2'
)
 GO 

INSERT INTO [dbo].[REFEREE] 
(RefId, distTravel, sport, userId, maxGames, status, rating) 
values 
(
'74031579',
'41',
'Soccer',
'84',
'4',
'1',
'2'
)
 GO 

INSERT INTO [dbo].[REFEREE] 
(RefId, distTravel, sport, userId, maxGames, status, rating) 
values 
(
'85847424',
'30',
'Soccer',
'85',
'4',
'1',
'2'
)
 GO 

INSERT INTO [dbo].[REFEREE] 
(RefId, distTravel, sport, userId, maxGames, status, rating) 
values 
(
'26180075',
'1',
'Soccer',
'88',
'4',
'1',
'2'
)
 GO 

INSERT INTO [dbo].[REFEREE] 
(RefId, distTravel, sport, userId, maxGames, status, rating) 
values 
(
'68841053',
'4',
'Soccer',
'93',
'3',
'1',
'3'
)
 GO 

INSERT INTO [dbo].[REFEREE] 
(RefId, distTravel, sport, userId, maxGames, status, rating) 
values 
(
'78065977',
'47',
'Soccer',
'96',
'1',
'1',
'4'
)
 GO 

INSERT INTO [dbo].[REFEREE] 
(RefId, distTravel, sport, userId, maxGames, status, rating) 
values 
(
'87435303',
'18',
'Soccer',
'98',
'2',
'1',
'3'
)
 GO 

SET IDENTITY_INSERT REFEREE OFF 
 GO
INSERT INTO [dbo].[WEEKLYAVAILABILITY] 
 values 
(
'1000',
'3',
'5',
'4',
'3',
'4',
'5',
'4'
)
 GO 

INSERT INTO [dbo].[WEEKLYAVAILABILITY] 
 values 
(
'10000',
'5',
'5',
'3',
'4',
'3',
'4',
'3'
)
 GO 

INSERT INTO [dbo].[WEEKLYAVAILABILITY] 
 values 
(
'73771706',
'3',
'3',
'5',
'5',
'4',
'4',
'4'
)
 GO 

INSERT INTO [dbo].[WEEKLYAVAILABILITY] 
 values 
(
'64088008',
'3',
'5',
'4',
'4',
'5',
'5',
'5'
)
 GO 

INSERT INTO [dbo].[WEEKLYAVAILABILITY] 
 values 
(
'93716071',
'4',
'5',
'3',
'4',
'5',
'3',
'4'
)
 GO 

INSERT INTO [dbo].[WEEKLYAVAILABILITY] 
 values 
(
'66923590',
'3',
'4',
'5',
'5',
'4',
'3',
'4'
)
 GO 

INSERT INTO [dbo].[WEEKLYAVAILABILITY] 
 values 
(
'70601929',
'5',
'3',
'4',
'4',
'5',
'3',
'5'
)
 GO 

INSERT INTO [dbo].[WEEKLYAVAILABILITY] 
 values 
(
'81170816',
'3',
'3',
'4',
'5',
'5',
'5',
'4'
)
 GO 

INSERT INTO [dbo].[WEEKLYAVAILABILITY] 
 values 
(
'64297422',
'4',
'5',
'5',
'5',
'5',
'5',
'5'
)
 GO 

INSERT INTO [dbo].[WEEKLYAVAILABILITY] 
 values 
(
'92734524',
'4',
'3',
'3',
'4',
'3',
'4',
'3'
)
 GO 

INSERT INTO [dbo].[WEEKLYAVAILABILITY] 
 values 
(
'89343376',
'3',
'3',
'3',
'5',
'4',
'4',
'5'
)
 GO 

INSERT INTO [dbo].[WEEKLYAVAILABILITY] 
 values 
(
'1036469',
'5',
'5',
'4',
'3',
'3',
'3',
'4'
)
 GO 

INSERT INTO [dbo].[WEEKLYAVAILABILITY] 
 values 
(
'72005771',
'3',
'4',
'5',
'5',
'3',
'5',
'3'
)
 GO 

INSERT INTO [dbo].[WEEKLYAVAILABILITY] 
 values 
(
'9634512',
'4',
'5',
'4',
'4',
'3',
'5',
'4'
)
 GO 

INSERT INTO [dbo].[WEEKLYAVAILABILITY] 
 values 
(
'43563414',
'5',
'4',
'5',
'3',
'4',
'4',
'5'
)
 GO 

INSERT INTO [dbo].[WEEKLYAVAILABILITY] 
 values 
(
'87842852',
'5',
'3',
'4',
'5',
'3',
'3',
'4'
)
 GO 

INSERT INTO [dbo].[WEEKLYAVAILABILITY] 
 values 
(
'74031579',
'5',
'4',
'5',
'5',
'3',
'4',
'3'
)
 GO 

INSERT INTO [dbo].[WEEKLYAVAILABILITY] 
 values 
(
'85847424',
'4',
'3',
'5',
'3',
'3',
'5',
'5'
)
 GO 

INSERT INTO [dbo].[WEEKLYAVAILABILITY] 
 values 
(
'26180075',
'5',
'3',
'3',
'4',
'4',
'5',
'3'
)
 GO 

INSERT INTO [dbo].[WEEKLYAVAILABILITY] 
 values 
(
'68841053',
'4',
'4',
'4',
'4',
'5',
'5',
'5'
)
 GO 

INSERT INTO [dbo].[WEEKLYAVAILABILITY] 
 values 
(
'78065977',
'4',
'5',
'5',
'4',
'4',
'5',
'5'
)
 GO 

INSERT INTO [dbo].[WEEKLYAVAILABILITY] 
 values 
(
'87435303',
'5',
'5',
'3',
'5',
'4',
'4',
'4'
)
 GO 

SET IDENTITY_INSERT TEAM ON  
 GO
INSERT INTO [dbo].[TEAM] 
 (teamId, name, ageBracket, grade, sport, managerId, shortName, status) 
values 
(
'1',
'EntertainingBird',
'16',
'4',
'Soccer',
'31',
null,
'1'
)
 GO 

INSERT INTO [dbo].[TEAM] 
 (teamId, name, ageBracket, grade, sport, managerId, shortName, status) 
values 
(
'2',
'FeignedBottle',
'16',
'4',
'Soccer',
'8',
null,
'1'
)
 GO 

INSERT INTO [dbo].[TEAM] 
 (teamId, name, ageBracket, grade, sport, managerId, shortName, status) 
values 
(
'3',
'greyTable',
'16',
'4',
'Soccer',
'41',
null,
'1'
)
 GO 

INSERT INTO [dbo].[TEAM] 
 (teamId, name, ageBracket, grade, sport, managerId, shortName, status) 
values 
(
'4',
'MaliciousWolf',
'16',
'4',
'Soccer',
'15',
null,
'1'
)
 GO 

INSERT INTO [dbo].[TEAM] 
 (teamId, name, ageBracket, grade, sport, managerId, shortName, status) 
values 
(
'5',
'ElegantMen',
'16',
'4',
'Soccer',
'24',
null,
'1'
)
 GO 

INSERT INTO [dbo].[TEAM] 
 (teamId, name, ageBracket, grade, sport, managerId, shortName, status) 
values 
(
'6',
'UnderstoodWomen',
'16',
'4',
'Soccer',
'45',
null,
'1'
)
 GO 

INSERT INTO [dbo].[TEAM] 
 (teamId, name, ageBracket, grade, sport, managerId, shortName, status) 
values 
(
'7',
'wildRope',
'16',
'4',
'Soccer',
'19',
null,
'1'
)
 GO 

INSERT INTO [dbo].[TEAM] 
 (teamId, name, ageBracket, grade, sport, managerId, shortName, status) 
values 
(
'8',
'DefeatedCat',
'16',
'4',
'Soccer',
'41',
null,
'1'
)
 GO 

INSERT INTO [dbo].[TEAM] 
 (teamId, name, ageBracket, grade, sport, managerId, shortName, status) 
values 
(
'9',
'MercifulWomen',
'16',
'4',
'Soccer',
'5',
null,
'1'
)
 GO 

INSERT INTO [dbo].[TEAM] 
 (teamId, name, ageBracket, grade, sport, managerId, shortName, status) 
values 
(
'10',
'UnsightlyFire',
'16',
'4',
'Soccer',
'27',
null,
'1'
)
 GO 

INSERT INTO [dbo].[TEAM] 
 (teamId, name, ageBracket, grade, sport, managerId, shortName, status) 
values 
(
'11',
'SafeWomen',
'16',
'4',
'Soccer',
'19',
null,
'1'
)
 GO 

INSERT INTO [dbo].[TEAM] 
 (teamId, name, ageBracket, grade, sport, managerId, shortName, status) 
values 
(
'12',
'FeignedComputer',
'16',
'4',
'Soccer',
'8',
null,
'1'
)
 GO 

INSERT INTO [dbo].[TEAM] 
 (teamId, name, ageBracket, grade, sport, managerId, shortName, status) 
values 
(
'13',
'hotWomen',
'16',
'4',
'Soccer',
'32',
null,
'1'
)
 GO 

INSERT INTO [dbo].[TEAM] 
 (teamId, name, ageBracket, grade, sport, managerId, shortName, status) 
values 
(
'14',
'KindheartedBottle',
'16',
'4',
'Soccer',
'47',
null,
'1'
)
 GO 

INSERT INTO [dbo].[TEAM] 
 (teamId, name, ageBracket, grade, sport, managerId, shortName, status) 
values 
(
'15',
'FeignedCat',
'16',
'4',
'Soccer',
'15',
null,
'1'
)
 GO 

INSERT INTO [dbo].[TEAM] 
 (teamId, name, ageBracket, grade, sport, managerId, shortName, status) 
values 
(
'16',
'CheapDog',
'16',
'4',
'Soccer',
'58',
null,
'1'
)
 GO 

INSERT INTO [dbo].[TEAM] 
 (teamId, name, ageBracket, grade, sport, managerId, shortName, status) 
values 
(
'17',
'CheapAir',
'16',
'4',
'Soccer',
'63',
null,
'1'
)
 GO 

INSERT INTO [dbo].[TEAM] 
 (teamId, name, ageBracket, grade, sport, managerId, shortName, status) 
values 
(
'18',
'SafeChair',
'16',
'4',
'Soccer',
'43',
null,
'1'
)
 GO 

INSERT INTO [dbo].[TEAM] 
 (teamId, name, ageBracket, grade, sport, managerId, shortName, status) 
values 
(
'19',
'EntertainingWomen',
'16',
'4',
'Soccer',
'41',
null,
'1'
)
 GO 

INSERT INTO [dbo].[TEAM] 
 (teamId, name, ageBracket, grade, sport, managerId, shortName, status) 
values 
(
'20',
'UnbiasedPokemon',
'16',
'4',
'Soccer',
'68',
null,
'1'
)
 GO 

SET IDENTITY_INSERT TEAM OFF 
 GO
INSERT INTO [dbo].[TEAMINS] 
 values 
(
'1',
'1'
)
 GO 

INSERT INTO [dbo].[TEAMINS] 
 values 
(
'2',
'1'
)
 GO 

INSERT INTO [dbo].[TEAMINS] 
 values 
(
'3',
'1'
)
 GO 

INSERT INTO [dbo].[TEAMINS] 
 values 
(
'4',
'1'
)
 GO 

INSERT INTO [dbo].[TEAMINS] 
 values 
(
'5',
'1'
)
 GO 

INSERT INTO [dbo].[TEAMINS] 
 values 
(
'6',
'1'
)
 GO 

INSERT INTO [dbo].[TEAMINS] 
 values 
(
'7',
'1'
)
 GO 

INSERT INTO [dbo].[TEAMINS] 
 values 
(
'8',
'1'
)
 GO 

INSERT INTO [dbo].[TEAMINS] 
 values 
(
'9',
'1'
)
 GO 

INSERT INTO [dbo].[TEAMINS] 
 values 
(
'10',
'1'
)
 GO 

INSERT INTO [dbo].[TEAMINS] 
 values 
(
'11',
'1'
)
 GO 

INSERT INTO [dbo].[TEAMINS] 
 values 
(
'12',
'1'
)
 GO 

INSERT INTO [dbo].[TEAMINS] 
 values 
(
'13',
'1'
)
 GO 

INSERT INTO [dbo].[TEAMINS] 
 values 
(
'14',
'1'
)
 GO 

INSERT INTO [dbo].[TEAMINS] 
 values 
(
'15',
'1'
)
 GO 

INSERT INTO [dbo].[TEAMINS] 
 values 
(
'16',
'1'
)
 GO 

INSERT INTO [dbo].[TEAMINS] 
 values 
(
'17',
'1'
)
 GO 

INSERT INTO [dbo].[TEAMINS] 
 values 
(
'18',
'1'
)
 GO 

INSERT INTO [dbo].[TEAMINS] 
 values 
(
'19',
'1'
)
 GO 

INSERT INTO [dbo].[TEAMINS] 
 values 
(
'20',
'1'
)
 GO 

SET IDENTITY_INSERT MATCH ON  
 GO
INSERT INTO [dbo].[MATCH] 
(matchId, matchDate, locationId, teamAId, teamBId, teamAScore, teamBScore, status, tournamentId, matchLength, halfTimeDuration) 
values 
(
'1',
'2015/10/3 9:00:00 AM',
'2',
'15',
'9',
'0',
'0',
'0',
'1',
'90',
'30'
)
 GO 

INSERT INTO [dbo].[MATCH] 
(matchId, matchDate, locationId, teamAId, teamBId, teamAScore, teamBScore, status, tournamentId, matchLength, halfTimeDuration) 
values 
(
'2',
'2015/10/3 11:30:00 AM',
'7',
'10',
'4',
'0',
'0',
'0',
'1',
'90',
'30'
)
 GO 

INSERT INTO [dbo].[MATCH] 
(matchId, matchDate, locationId, teamAId, teamBId, teamAScore, teamBScore, status, tournamentId, matchLength, halfTimeDuration) 
values 
(
'3',
'2015/10/3 11:30:00 AM',
'6',
'7',
'8',
'0',
'0',
'0',
'1',
'90',
'30'
)
 GO 

INSERT INTO [dbo].[MATCH] 
(matchId, matchDate, locationId, teamAId, teamBId, teamAScore, teamBScore, status, tournamentId, matchLength, halfTimeDuration) 
values 
(
'4',
'2015/10/3 2:00:00 PM',
'7',
'14',
'4',
'0',
'0',
'0',
'1',
'90',
'30'
)
 GO 

INSERT INTO [dbo].[MATCH] 
(matchId, matchDate, locationId, teamAId, teamBId, teamAScore, teamBScore, status, tournamentId, matchLength, halfTimeDuration) 
values 
(
'5',
'2015/10/3 11:30:00 AM',
'10',
'7',
'13',
'0',
'0',
'0',
'1',
'90',
'30'
)
 GO 

INSERT INTO [dbo].[MATCH] 
(matchId, matchDate, locationId, teamAId, teamBId, teamAScore, teamBScore, status, tournamentId, matchLength, halfTimeDuration) 
values 
(
'6',
'2015/10/3 11:30:00 AM',
'6',
'13',
'12',
'0',
'0',
'0',
'1',
'90',
'30'
)
 GO 

INSERT INTO [dbo].[MATCH] 
(matchId, matchDate, locationId, teamAId, teamBId, teamAScore, teamBScore, status, tournamentId, matchLength, halfTimeDuration) 
values 
(
'7',
'2015/10/3 9:00:00 AM',
'2',
'5',
'1',
'0',
'0',
'0',
'1',
'90',
'30'
)
 GO 

INSERT INTO [dbo].[MATCH] 
(matchId, matchDate, locationId, teamAId, teamBId, teamAScore, teamBScore, status, tournamentId, matchLength, halfTimeDuration) 
values 
(
'8',
'2015/10/3 2:00:00 PM',
'9',
'2',
'8',
'0',
'0',
'0',
'1',
'90',
'30'
)
 GO 

INSERT INTO [dbo].[MATCH] 
(matchId, matchDate, locationId, teamAId, teamBId, teamAScore, teamBScore, status, tournamentId, matchLength, halfTimeDuration) 
values 
(
'9',
'2015/10/3 9:00:00 AM',
'5',
'11',
'12',
'0',
'0',
'0',
'1',
'90',
'30'
)
 GO 

INSERT INTO [dbo].[MATCH] 
(matchId, matchDate, locationId, teamAId, teamBId, teamAScore, teamBScore, status, tournamentId, matchLength, halfTimeDuration) 
values 
(
'10',
'2015/10/3 2:00:00 PM',
'6',
'3',
'11',
'0',
'0',
'0',
'1',
'90',
'30'
)
 GO 

INSERT INTO [dbo].[MATCH] 
(matchId, matchDate, locationId, teamAId, teamBId, teamAScore, teamBScore, status, tournamentId, matchLength, halfTimeDuration) 
values 
(
'11',
'2015/10/3 11:30:00 AM',
'8',
'12',
'2',
'0',
'0',
'0',
'1',
'90',
'30'
)
 GO 

INSERT INTO [dbo].[MATCH] 
(matchId, matchDate, locationId, teamAId, teamBId, teamAScore, teamBScore, status, tournamentId, matchLength, halfTimeDuration) 
values 
(
'12',
'2015/10/3 9:00:00 AM',
'10',
'19',
'4',
'0',
'0',
'0',
'1',
'90',
'30'
)
 GO 

INSERT INTO [dbo].[MATCH] 
(matchId, matchDate, locationId, teamAId, teamBId, teamAScore, teamBScore, status, tournamentId, matchLength, halfTimeDuration) 
values 
(
'13',
'2015/10/3 9:00:00 AM',
'10',
'12',
'14',
'0',
'0',
'0',
'1',
'90',
'30'
)
 GO 

INSERT INTO [dbo].[MATCH] 
(matchId, matchDate, locationId, teamAId, teamBId, teamAScore, teamBScore, status, tournamentId, matchLength, halfTimeDuration) 
values 
(
'14',
'2015/10/3 11:30:00 AM',
'8',
'13',
'15',
'0',
'0',
'0',
'1',
'90',
'30'
)
 GO 

INSERT INTO [dbo].[MATCH] 
(matchId, matchDate, locationId, teamAId, teamBId, teamAScore, teamBScore, status, tournamentId, matchLength, halfTimeDuration) 
values 
(
'15',
'2015/10/3 11:30:00 AM',
'3',
'19',
'16',
'0',
'0',
'0',
'1',
'90',
'30'
)
 GO 

INSERT INTO [dbo].[MATCH] 
(matchId, matchDate, locationId, teamAId, teamBId, teamAScore, teamBScore, status, tournamentId, matchLength, halfTimeDuration) 
values 
(
'16',
'2015/10/3 11:30:00 AM',
'8',
'19',
'16',
'0',
'0',
'0',
'1',
'90',
'30'
)
 GO 

INSERT INTO [dbo].[MATCH] 
(matchId, matchDate, locationId, teamAId, teamBId, teamAScore, teamBScore, status, tournamentId, matchLength, halfTimeDuration) 
values 
(
'17',
'2015/10/3 2:00:00 PM',
'5',
'5',
'1',
'0',
'0',
'0',
'1',
'90',
'30'
)
 GO 

INSERT INTO [dbo].[MATCH] 
(matchId, matchDate, locationId, teamAId, teamBId, teamAScore, teamBScore, status, tournamentId, matchLength, halfTimeDuration) 
values 
(
'18',
'2015/10/3 4:30:00 PM',
'4',
'6',
'13',
'0',
'0',
'0',
'1',
'90',
'30'
)
 GO 

INSERT INTO [dbo].[MATCH] 
(matchId, matchDate, locationId, teamAId, teamBId, teamAScore, teamBScore, status, tournamentId, matchLength, halfTimeDuration) 
values 
(
'19',
'2015/10/3 4:30:00 PM',
'1',
'17',
'20',
'0',
'0',
'0',
'1',
'90',
'30'
)
 GO 

INSERT INTO [dbo].[MATCH] 
(matchId, matchDate, locationId, teamAId, teamBId, teamAScore, teamBScore, status, tournamentId, matchLength, halfTimeDuration) 
values 
(
'20',
'2015/10/3 9:00:00 AM',
'4',
'5',
'6',
'0',
'0',
'0',
'1',
'90',
'30'
)
 GO 

SET IDENTITY_INSERT MATCH OFF 
 GO
SET IDENTITY_INSERT OFFER ON  
 GO
INSERT INTO [dbo].[OFFER] 
 (offerId, sport, matchId, refId, status, dateOfOffer, declinedReason, priority, typeOfOffer) 
values 
(
'35456',
'Soccer',
'10',
'10000',
'4',
'2015/9/11',
null,
'5',
'Referee'
)
 GO 

INSERT INTO [dbo].[OFFER] 
 (offerId, sport, matchId, refId, status, dateOfOffer, declinedReason, priority, typeOfOffer) 
values 
(
'23568',
'Soccer',
'19',
'10000',
'4',
'2015/9/11',
null,
'5',
'Referee'
)
 GO 

SET IDENTITY_INSERT OFFER OFF 
 GO
SET IDENTITY_INSERT QUALIFICATIONS ON  
 GO
INSERT INTO [dbo].[QUALIFICATIONS] 
(qualificationId, name, sport, description, qualificationLevel, status) 
values 
(
'1',
'Referee',
'Soccer',
'referee qualification level',
'4',
'1'
)
 GO 

SET IDENTITY_INSERT QUALIFICATIONS OFF  
 GO
INSERT INTO [dbo].[USERQUAL] values 
(
'1',
'1000',
'1'
)
 GO 

INSERT INTO [dbo].[USERQUAL] values 
(
'1',
'10000',
'2'
)
 GO 

INSERT INTO [dbo].[USERQUAL] values 
(
'1',
'73771706',
'3'
)
 GO 

INSERT INTO [dbo].[USERQUAL] values 
(
'1',
'64088008',
'2'
)
 GO 

INSERT INTO [dbo].[USERQUAL] values 
(
'1',
'93716071',
'2'
)
 GO 

INSERT INTO [dbo].[USERQUAL] values 
(
'1',
'66923590',
'1'
)
 GO 

INSERT INTO [dbo].[USERQUAL] values 
(
'1',
'70601929',
'2'
)
 GO 

INSERT INTO [dbo].[USERQUAL] values 
(
'1',
'81170816',
'2'
)
 GO 

INSERT INTO [dbo].[USERQUAL] values 
(
'1',
'64297422',
'2'
)
 GO 

INSERT INTO [dbo].[USERQUAL] values 
(
'1',
'92734524',
'2'
)
 GO 

INSERT INTO [dbo].[USERQUAL] values 
(
'1',
'89343376',
'1'
)
 GO 

INSERT INTO [dbo].[USERQUAL] values 
(
'1',
'1036469',
'1'
)
 GO 

INSERT INTO [dbo].[USERQUAL] values 
(
'1',
'72005771',
'2'
)
 GO 

INSERT INTO [dbo].[USERQUAL] values 
(
'1',
'9634512',
'1'
)
 GO 

INSERT INTO [dbo].[USERQUAL] values 
(
'1',
'43563414',
'2'
)
 GO 

INSERT INTO [dbo].[USERQUAL] values 
(
'1',
'87842852',
'1'
)
 GO 

INSERT INTO [dbo].[USERQUAL] values 
(
'1',
'74031579',
'3'
)
 GO 

INSERT INTO [dbo].[USERQUAL] values 
(
'1',
'85847424',
'1'
)
 GO 

INSERT INTO [dbo].[USERQUAL] values 
(
'1',
'26180075',
'1'
)
 GO 

INSERT INTO [dbo].[USERQUAL] values 
(
'1',
'68841053',
'3'
)
 GO 

INSERT INTO [dbo].[USERQUAL] values 
(
'1',
'78065977',
'2'
)
 GO 

INSERT INTO [dbo].[USERQUAL] values 
(
'1',
'87435303',
'3'
)
 GO 

INSERT INTO [dbo].[OFFERQUAL] values 
(
'1',
'35456',
'1'
)
 GO 

INSERT INTO [dbo].[OFFERQUAL] values 
(
'1',
'23568',
'1'
)
 GO 

